year,round,round_name,winning_team,losing_team,winning_seed,losing_seed
1985,1,Round of 64,1116,1234,9,8
1985,1,Round of 64,1120,1345,11,6
1985,1,Round of 64,1207,1250,1,16
1985,1,Round of 64,1229,1425,9,8
1985,1,Round of 64,1242,1325,3,14
1985,1,Round of 64,1246,1449,12,5
1985,1,Round of 64,1256,1338,5,12
1985,1,Round of 64,1260,1233,4,13
1985,1,Round of 64,1314,1292,2,15
1985,1,Round of 64,1323,1333,7,10
1985,1,Round of 64,1326,1235,4,13
1985,1,Round of 64,1328,1299,1,16
1985,1,Round of 64,1374,1330,5,12
1985,1,Round of 64,1385,1380,1,16
1985,1,Round of 64,1396,1439,8,9
1985,1,Round of 64,1424,1361,4,13
1985,1,Round of 64,1104,1112,7,10
1985,1,Round of 64,1130,1403,11,6
1985,1,Round of 64,1181,1337,3,14
1985,1,Round of 64,1208,1455,6,11
1985,1,Round of 64,1210,1273,2,15
1985,1,Round of 64,1228,1318,3,14
1985,1,Round of 64,1268,1275,5,12
1985,1,Round of 64,1272,1335,2,15
1985,1,Round of 64,1276,1192,1,16
1985,1,Round of 64,1298,1261,13,4
1985,1,Round of 64,1301,1305,3,14
1985,1,Round of 64,1393,1177,7,10
1985,1,Round of 64,1412,1277,7,10
1985,1,Round of 64,1431,1409,11,6
1985,1,Round of 64,1433,1267,2,15
1985,1,Round of 64,1437,1173,8,9
1985,2,Round of 32,1120,1242,11,3
1985,2,Round of 32,1207,1396,1,8
1985,2,Round of 32,1246,1424,12,4
1985,2,Round of 32,1256,1326,5,4
1985,2,Round of 32,1260,1374,4,5
1985,2,Round of 32,1314,1323,2,7
1985,2,Round of 32,1328,1229,1,9
1985,2,Round of 32,1385,1116,1,9
1985,2,Round of 32,1104,1433,7,2
1985,2,Round of 32,1130,1181,11,3
1985,2,Round of 32,1210,1393,2,7
1985,2,Round of 32,1228,1208,3,6
1985,2,Round of 32,1268,1298,5,13
1985,2,Round of 32,1272,1412,2,7
1985,2,Round of 32,1301,1431,3,11
1985,2,Round of 32,1437,1276,8,1
1985,3,Sweet 16,1207,1260,1,4
1985,3,Sweet 16,1210,1228,2,3
1985,3,Sweet 16,1272,1130,2,11
1985,3,Sweet 16,1328,1256,1,5
1985,3,Sweet 16,1301,1104,3,7
1985,3,Sweet 16,1314,1120,2,11
1985,3,Sweet 16,1385,1246,1,12
1985,3,Sweet 16,1437,1268,8,5
1985,4,Elite 8,1207,1210,1,2
1985,4,Elite 8,1272,1328,2,1
1985,4,Elite 8,1385,1301,1,3
1985,4,Elite 8,1437,1314,8,2
1985,5,Final Four,1207,1385,1,1
1985,5,Final Four,1437,1272,8,2
1985,6,Championship,1437,1207,8,1
1986,1,Round of 64,1133,1431,7,10
1986,1,Round of 64,1177,1438,12,5
1986,1,Round of 64,1181,1290,1,16
1986,1,Round of 64,1207,1403,4,13
1986,1,Round of 64,1210,1265,2,15
1986,1,Round of 64,1242,1299,1,16
1986,1,Round of 64,1257,1180,2,15
1986,1,Round of 64,1261,1345,11,6
1986,1,Round of 64,1272,1123,3,14
1986,1,Round of 64,1277,1449,5,12
1986,1,Round of 64,1314,1428,3,14
1986,1,Round of 64,1328,1318,4,13
1986,1,Round of 64,1330,1452,8,9
1986,1,Round of 64,1396,1239,9,8
1986,1,Round of 64,1412,1281,6,11
1986,1,Round of 64,1437,1439,10,7
1986,1,Round of 64,1104,1462,5,12
1986,1,Round of 64,1114,1323,14,3
1986,1,Round of 64,1120,1112,8,9
1986,1,Round of 64,1156,1231,14,3
1986,1,Round of 64,1228,1193,4,13
1986,1,Round of 64,1235,1275,7,10
1986,1,Round of 64,1246,1172,1,16
1986,1,Round of 64,1268,1337,5,12
1986,1,Round of 64,1276,1103,2,15
1986,1,Round of 64,1298,1409,7,10
1986,1,Round of 64,1301,1234,6,11
1986,1,Round of 64,1385,1286,1,16
1986,1,Round of 64,1386,1350,6,11
1986,1,Round of 64,1393,1135,2,15
1986,1,Round of 64,1424,1419,4,13
1986,1,Round of 64,1443,1304,8,9
1986,2,Round of 32,1177,1328,12,4
1986,2,Round of 32,1181,1330,1,8
1986,2,Round of 32,1210,1437,2,10
1986,2,Round of 32,1242,1396,1,9
1986,2,Round of 32,1257,1133,2,7
1986,2,Round of 32,1261,1272,11,3
1986,2,Round of 32,1277,1207,5,4
1986,2,Round of 32,1314,1412,3,6
1986,2,Round of 32,1104,1228,5,4
1986,2,Round of 32,1120,1385,8,1
1986,2,Round of 32,1156,1386,14,6
1986,2,Round of 32,1235,1276,7,2
1986,2,Round of 32,1246,1443,1,8
1986,2,Round of 32,1298,1393,7,2
1986,2,Round of 32,1301,1114,6,14
1986,2,Round of 32,1424,1268,4,5
1986,3,Sweet 16,1120,1424,8,4
1986,3,Sweet 16,1246,1104,1,5
1986,3,Sweet 16,1257,1314,2,3
1986,3,Sweet 16,1261,1210,11,2
1986,3,Sweet 16,1181,1177,1,12
1986,3,Sweet 16,1242,1277,1,5
1986,3,Sweet 16,1298,1156,7,14
1986,3,Sweet 16,1301,1235,6,7
1986,4,Elite 8,1257,1120,2,8
1986,4,Elite 8,1261,1246,11,1
1986,4,Elite 8,1181,1298,1,7
1986,4,Elite 8,1242,1301,1,6
1986,5,Final Four,1181,1242,1,1
1986,5,Final Four,1257,1261,2,11
1986,6,Championship,1257,1181,2,1
1987,1,Round of 64,1104,1299,2,15
1987,1,Round of 64,1120,1360,8,9
1987,1,Round of 64,1122,1228,14,3
1987,1,Round of 64,1181,1401,5,12
1987,1,Round of 64,1231,1193,1,16
1987,1,Round of 64,1243,1208,9,8
1987,1,Round of 64,1276,1298,9,8
1987,1,Round of 64,1309,1140,7,10
1987,1,Round of 64,1314,1335,1,16
1987,1,Round of 64,1323,1292,5,12
1987,1,Round of 64,1344,1412,6,11
1987,1,Round of 64,1395,1267,4,13
1987,1,Round of 64,1417,1141,4,13
1987,1,Round of 64,1424,1226,1,16
1987,1,Round of 64,1461,1438,12,5
1987,1,Round of 64,1462,1281,13,4
1987,1,Round of 64,1177,1256,3,14
1987,1,Round of 64,1196,1301,6,11
1987,1,Round of 64,1207,1137,1,16
1987,1,Round of 64,1234,1365,2,15
1987,1,Round of 64,1242,1222,5,12
1987,1,Round of 64,1261,1210,10,7
1987,1,Round of 64,1283,1155,13,4
1987,1,Round of 64,1326,1246,9,8
1987,1,Round of 64,1328,1409,6,11
1987,1,Round of 64,1338,1265,3,14
1987,1,Round of 64,1345,1318,3,14
1987,1,Round of 64,1385,1455,6,11
1987,1,Round of 64,1393,1204,2,15
1987,1,Round of 64,1396,1380,2,15
1987,1,Round of 64,1431,1112,7,10
1987,1,Round of 64,1443,1452,10,7
1987,2,Round of 32,1104,1309,2,7
1987,2,Round of 32,1181,1462,5,13
1987,2,Round of 32,1231,1120,1,8
1987,2,Round of 32,1314,1276,1,9
1987,2,Round of 32,1323,1395,5,4
1987,2,Round of 32,1344,1122,6,14
1987,2,Round of 32,1424,1243,1,9
1987,2,Round of 32,1461,1417,12,4
1987,2,Round of 32,1177,1385,3,6
1987,2,Round of 32,1196,1345,6,3
1987,2,Round of 32,1207,1326,1,9
1987,2,Round of 32,1234,1431,2,7
1987,2,Round of 32,1242,1283,5,13
1987,2,Round of 32,1261,1396,10,2
1987,2,Round of 32,1328,1338,6,3
1987,2,Round of 32,1393,1443,2,10
1987,3,Sweet 16,1207,1242,1,5
1987,3,Sweet 16,1314,1323,1,5
1987,3,Sweet 16,1344,1104,6,2
1987,3,Sweet 16,1393,1196,2,6
1987,3,Sweet 16,1231,1181,1,5
1987,3,Sweet 16,1234,1328,2,6
1987,3,Sweet 16,1261,1177,10,3
1987,3,Sweet 16,1424,1461,1,12
1987,4,Elite 8,1344,1207,6,1
1987,4,Elite 8,1393,1314,2,1
1987,4,Elite 8,1231,1261,1,10
1987,4,Elite 8,1424,1234,1,2
1987,5,Final Four,1231,1424,1,1
1987,5,Final Four,1393,1344,2,6
1987,6,Championship,1231,1393,1,2
1988,1,Round of 64,1120,1133,8,9
1988,1,Round of 64,1140,1150,4,13
1988,1,Round of 64,1177,1455,5,12
1988,1,Round of 64,1181,1131,2,15
1988,1,Round of 64,1196,1385,6,11
1988,1,Round of 64,1243,1247,4,13
1988,1,Round of 64,1257,1333,5,12
1988,1,Round of 64,1258,1461,10,7
1988,1,Round of 64,1272,1124,9,8
1988,1,Round of 64,1276,1129,3,14
1988,1,Round of 64,1314,1317,2,15
1988,1,Round of 64,1328,1151,1,16
1988,1,Round of 64,1345,1192,1,16
1988,1,Round of 64,1348,1281,11,6
1988,1,Round of 64,1374,1323,7,10
1988,1,Round of 64,1393,1299,3,14
1988,1,Round of 64,1112,1165,1,16
1988,1,Round of 64,1207,1261,8,9
1988,1,Round of 64,1210,1235,5,12
1988,1,Round of 64,1228,1427,3,14
1988,1,Round of 64,1234,1199,5,12
1988,1,Round of 64,1242,1462,6,11
1988,1,Round of 64,1246,1380,2,15
1988,1,Round of 64,1268,1364,7,10
1988,1,Round of 64,1293,1301,14,3
1988,1,Round of 64,1338,1185,2,15
1988,1,Round of 64,1350,1231,13,4
1988,1,Round of 64,1371,1431,8,9
1988,1,Round of 64,1396,1250,1,16
1988,1,Round of 64,1424,1283,4,13
1988,1,Round of 64,1435,1429,7,10
1988,1,Round of 64,1437,1116,6,11
1988,2,Round of 32,1181,1374,2,7
1988,2,Round of 32,1243,1177,4,5
1988,2,Round of 32,1257,1140,5,4
1988,2,Round of 32,1276,1196,3,6
1988,2,Round of 32,1314,1258,2,10
1988,2,Round of 32,1328,1120,1,8
1988,2,Round of 32,1345,1272,1,9
1988,2,Round of 32,1348,1393,11,3
1988,2,Round of 32,1112,1371,1,8
1988,2,Round of 32,1234,1424,5,4
1988,2,Round of 32,1242,1293,6,14
1988,2,Round of 32,1246,1268,2,7
1988,2,Round of 32,1350,1210,13,5
1988,2,Round of 32,1396,1207,1,8
1988,2,Round of 32,1435,1338,7,2
1988,2,Round of 32,1437,1228,6,3
1988,3,Sweet 16,1181,1348,2,11
1988,3,Sweet 16,1328,1257,1,5
1988,3,Sweet 16,1396,1350,1,13
1988,3,Sweet 16,1437,1246,6,2
1988,3,Sweet 16,1112,1234,1,5
1988,3,Sweet 16,1242,1435,6,7
1988,3,Sweet 16,1243,1345,4,1
1988,3,Sweet 16,1314,1276,2,3
1988,4,Elite 8,1181,1396,2,1
1988,4,Elite 8,1328,1437,1,6
1988,4,Elite 8,1112,1314,1,2
1988,4,Elite 8,1242,1243,6,4
1988,5,Final Four,1242,1181,6,2
1988,5,Final Four,1328,1112,1,1
1988,6,Championship,1242,1328,6,1
1989,1,Round of 64,1112,1352,1,16
1989,1,Round of 64,1116,1258,5,12
1989,1,Round of 64,1123,1338,9,8
1989,1,Round of 64,1155,1388,9,8
1989,1,Round of 64,1177,1272,12,5
1989,1,Round of 64,1181,1354,2,15
1989,1,Round of 64,1228,1270,1,16
1989,1,Round of 64,1256,1247,9,8
1989,1,Round of 64,1257,1114,4,13
1989,1,Round of 64,1278,1243,11,6
1989,1,Round of 64,1292,1199,13,4
1989,1,Round of 64,1328,1190,1,16
1989,1,Round of 64,1373,1390,14,3
1989,1,Round of 64,1424,1225,4,13
1989,1,Round of 64,1438,1344,5,12
1989,1,Round of 64,1452,1397,7,10
1989,1,Round of 64,1161,1196,10,7
1989,1,Round of 64,1191,1333,11,6
1989,1,Round of 64,1207,1343,1,16
1989,1,Round of 64,1231,1206,2,15
1989,1,Round of 64,1234,1353,4,13
1989,1,Round of 64,1276,1462,3,14
1989,1,Round of 64,1281,1166,3,14
1989,1,Round of 64,1301,1376,5,12
1989,1,Round of 64,1314,1380,2,15
1989,1,Round of 64,1323,1435,9,8
1989,1,Round of 64,1371,1283,3,14
1989,1,Round of 64,1375,1104,11,6
1989,1,Round of 64,1393,1137,2,15
1989,1,Round of 64,1400,1210,11,6
1989,1,Round of 64,1417,1235,7,10
1989,1,Round of 64,1431,1261,7,10
1989,2,Round of 32,1112,1155,1,9
1989,2,Round of 32,1181,1452,2,7
1989,2,Round of 32,1228,1123,1,9
1989,2,Round of 32,1257,1116,4,5
1989,2,Round of 32,1278,1373,11,14
1989,2,Round of 32,1328,1256,1,9
1989,2,Round of 32,1424,1177,4,12
1989,2,Round of 32,1438,1292,5,13
1989,2,Round of 32,1207,1323,1,9
1989,2,Round of 32,1231,1431,2,7
1989,2,Round of 32,1276,1375,3,11
1989,2,Round of 32,1281,1400,3,11
1989,2,Round of 32,1301,1234,5,4
1989,2,Round of 32,1314,1417,2,7
1989,2,Round of 32,1371,1191,3,11
1989,2,Round of 32,1393,1161,2,10
1989,3,Sweet 16,1276,1314,3,2
1989,3,Sweet 16,1371,1231,3,2
1989,3,Sweet 16,1424,1112,4,1
1989,3,Sweet 16,1438,1328,5,1
1989,3,Sweet 16,1181,1278,2,11
1989,3,Sweet 16,1207,1301,1,5
1989,3,Sweet 16,1228,1257,1,4
1989,3,Sweet 16,1393,1281,2,3
1989,4,Elite 8,1276,1438,3,5
1989,4,Elite 8,1371,1424,3,4
1989,4,Elite 8,1181,1207,2,1
1989,4,Elite 8,1228,1393,1,2
1989,5,Final Four,1276,1228,3,1
1989,5,Final Four,1371,1181,3,2
1989,6,Championship,1276,1371,3,3
1990,1,Round of 64,1116,1343,4,13
1990,1,Round of 64,1123,1333,12,5
1990,1,Round of 64,1143,1231,9,8
1990,1,Round of 64,1155,1140,5,12
1990,1,Round of 64,1163,1131,1,16
1990,1,Round of 64,1173,1228,12,5
1990,1,Round of 64,1210,1190,4,13
1990,1,Round of 64,1247,1379,4,13
1990,1,Round of 64,1257,1225,4,13
1990,1,Round of 64,1261,1437,5,12
1990,1,Round of 64,1277,1293,1,16
1990,1,Round of 64,1314,1283,8,9
1990,1,Round of 64,1326,1344,8,9
1990,1,Round of 64,1328,1406,1,16
1990,1,Round of 64,1364,1222,9,8
1990,1,Round of 64,1424,1114,1,16
1990,1,Round of 64,1104,1161,7,10
1990,1,Round of 64,1112,1378,2,15
1990,1,Round of 64,1181,1350,3,14
1990,1,Round of 64,1207,1411,3,14
1990,1,Round of 64,1242,1352,2,15
1990,1,Round of 64,1258,1308,11,6
1990,1,Round of 64,1276,1229,3,14
1990,1,Round of 64,1278,1431,6,11
1990,1,Round of 64,1320,1281,14,3
1990,1,Round of 64,1345,1419,2,15
1990,1,Round of 64,1385,1396,6,11
1990,1,Round of 64,1393,1164,2,15
1990,1,Round of 64,1400,1208,10,7
1990,1,Round of 64,1417,1412,7,10
1990,1,Round of 64,1438,1323,7,10
1990,1,Round of 64,1462,1243,6,11
1990,2,Round of 32,1116,1173,4,12
1990,2,Round of 32,1123,1257,12,4
1990,2,Round of 32,1155,1247,5,4
1990,2,Round of 32,1163,1143,1,9
1990,2,Round of 32,1210,1261,4,5
1990,2,Round of 32,1277,1364,1,9
1990,2,Round of 32,1314,1328,8,1
1990,2,Round of 32,1424,1326,1,8
1990,2,Round of 32,1104,1112,7,2
1990,2,Round of 32,1181,1385,3,6
1990,2,Round of 32,1258,1276,11,3
1990,2,Round of 32,1278,1320,6,14
1990,2,Round of 32,1393,1438,2,7
1990,2,Round of 32,1400,1345,10,2
1990,2,Round of 32,1417,1242,7,2
1990,2,Round of 32,1462,1207,6,3
1990,3,Sweet 16,1116,1314,4,8
1990,3,Sweet 16,1163,1155,1,5
1990,3,Sweet 16,1181,1417,3,7
1990,3,Sweet 16,1400,1462,10,6
1990,3,Sweet 16,1210,1277,4,1
1990,3,Sweet 16,1258,1104,11,7
1990,3,Sweet 16,1278,1393,6,2
1990,3,Sweet 16,1424,1123,1,12
1990,4,Elite 8,1116,1400,4,10
1990,4,Elite 8,1181,1163,3,1
1990,4,Elite 8,1210,1278,4,6
1990,4,Elite 8,1424,1258,1,11
1990,5,Final Four,1181,1116,3,4
1990,5,Final Four,1424,1210,1,4
1990,6,Championship,1424,1181,1,3
1991,1,Round of 64,1112,1384,2,15
1991,1,Round of 64,1140,1438,10,7
1991,1,Round of 64,1163,1261,11,6
1991,1,Round of 64,1166,1308,11,6
1991,1,Round of 64,1181,1419,2,15
1991,1,Round of 64,1199,1425,7,10
1991,1,Round of 64,1231,1157,2,15
1991,1,Round of 64,1234,1190,7,10
1991,1,Round of 64,1242,1309,3,14
1991,1,Round of 64,1301,1379,6,11
1991,1,Round of 64,1329,1307,3,14
1991,1,Round of 64,1338,1208,6,11
1991,1,Round of 64,1350,1393,15,2
1991,1,Round of 64,1371,1337,3,14
1991,1,Round of 64,1396,1345,10,7
1991,1,Round of 64,1462,1304,14,3
1991,1,Round of 64,1104,1293,4,13
1991,1,Round of 64,1113,1353,8,9
1991,1,Round of 64,1116,1209,1,16
1991,1,Round of 64,1185,1280,12,5
1991,1,Round of 64,1207,1435,8,9
1991,1,Round of 64,1210,1177,8,9
1991,1,Round of 64,1277,1453,5,12
1991,1,Round of 64,1314,1318,1,16
1991,1,Round of 64,1326,1406,1,16
1991,1,Round of 64,1336,1417,13,4
1991,1,Round of 64,1385,1296,4,13
1991,1,Round of 64,1400,1389,5,12
1991,1,Round of 64,1424,1285,1,16
1991,1,Round of 64,1428,1375,4,13
1991,1,Round of 64,1437,1343,9,8
1991,1,Round of 64,1448,1256,5,12
1991,2,Round of 32,1112,1140,2,10
1991,2,Round of 32,1163,1462,11,14
1991,2,Round of 32,1181,1234,2,7
1991,2,Round of 32,1231,1199,2,7
1991,2,Round of 32,1242,1338,3,6
1991,2,Round of 32,1329,1301,3,6
1991,2,Round of 32,1371,1166,3,11
1991,2,Round of 32,1396,1350,10,15
1991,2,Round of 32,1104,1448,4,5
1991,2,Round of 32,1116,1113,1,8
1991,2,Round of 32,1185,1336,12,13
1991,2,Round of 32,1314,1437,1,9
1991,2,Round of 32,1326,1210,1,8
1991,2,Round of 32,1385,1400,4,5
1991,2,Round of 32,1424,1207,1,8
1991,2,Round of 32,1428,1277,4,5
1991,3,Sweet 16,1116,1104,1,4
1991,3,Sweet 16,1242,1231,3,2
1991,3,Sweet 16,1371,1112,3,2
1991,3,Sweet 16,1424,1428,1,4
1991,3,Sweet 16,1181,1163,2,11
1991,3,Sweet 16,1314,1185,1,12
1991,3,Sweet 16,1385,1326,4,1
1991,3,Sweet 16,1396,1329,10,3
1991,4,Elite 8,1242,1116,3,1
1991,4,Elite 8,1424,1371,1,3
1991,4,Elite 8,1181,1385,2,4
1991,4,Elite 8,1314,1396,1,10
1991,5,Final Four,1181,1424,2,1
1991,5,Final Four,1242,1314,3,1
1991,6,Championship,1181,1242,2,3
1992,1,Round of 64,1104,1390,5,12
1992,1,Round of 64,1116,1293,3,14
1992,1,Round of 64,1163,1304,9,8
1992,1,Round of 64,1181,1144,1,16
1992,1,Round of 64,1199,1285,3,14
1992,1,Round of 64,1207,1378,6,11
1992,1,Round of 64,1210,1222,7,10
1992,1,Round of 64,1231,1183,2,15
1992,1,Round of 64,1234,1400,9,8
1992,1,Round of 64,1261,1140,7,10
1992,1,Round of 64,1272,1337,6,11
1992,1,Round of 64,1281,1452,5,12
1992,1,Round of 64,1314,1275,4,13
1992,1,Round of 64,1326,1290,1,16
1992,1,Round of 64,1371,1247,4,13
1992,1,Round of 64,1425,1419,2,15
1992,1,Round of 64,1153,1174,4,13
1992,1,Round of 64,1190,1112,14,3
1992,1,Round of 64,1235,1150,10,7
1992,1,Round of 64,1242,1224,1,16
1992,1,Round of 64,1246,1330,2,15
1992,1,Round of 64,1257,1448,8,9
1992,1,Round of 64,1269,1200,3,14
1992,1,Round of 64,1276,1396,6,11
1992,1,Round of 64,1277,1283,5,12
1992,1,Round of 64,1308,1177,12,5
1992,1,Round of 64,1329,1204,2,15
1992,1,Round of 64,1393,1343,6,11
1992,1,Round of 64,1408,1385,10,7
1992,1,Round of 64,1417,1352,1,16
1992,1,Round of 64,1418,1328,13,4
1992,1,Round of 64,1431,1191,9,8
1992,2,Round of 32,1181,1234,1,9
1992,2,Round of 32,1199,1207,3,6
1992,2,Round of 32,1210,1425,7,2
1992,2,Round of 32,1231,1261,2,7
1992,2,Round of 32,1272,1116,6,3
1992,2,Round of 32,1314,1104,4,5
1992,2,Round of 32,1326,1163,1,9
1992,2,Round of 32,1371,1281,4,5
1992,2,Round of 32,1153,1277,4,5
1992,2,Round of 32,1246,1235,2,10
1992,2,Round of 32,1269,1393,3,6
1992,2,Round of 32,1276,1190,6,14
1992,2,Round of 32,1308,1418,12,13
1992,2,Round of 32,1329,1408,2,10
1992,2,Round of 32,1417,1257,1,8
1992,2,Round of 32,1431,1242,9,1
1992,3,Sweet 16,1181,1371,1,4
1992,3,Sweet 16,1231,1199,2,3
1992,3,Sweet 16,1246,1269,2,3
1992,3,Sweet 16,1417,1308,1,12
1992,3,Sweet 16,1153,1431,4,9
1992,3,Sweet 16,1272,1210,6,7
1992,3,Sweet 16,1276,1329,6,2
1992,3,Sweet 16,1326,1314,1,4
1992,4,Elite 8,1181,1246,1,2
1992,4,Elite 8,1231,1417,2,1
1992,4,Elite 8,1153,1272,4,6
1992,4,Elite 8,1276,1326,6,1
1992,5,Final Four,1181,1231,1,2
1992,5,Final Four,1276,1153,6,4
1992,6,Championship,1181,1276,1,6
1993,1,Round of 64,1116,1221,4,13
1993,1,Round of 64,1140,1374,7,10
1993,1,Round of 64,1143,1261,6,11
1993,1,Round of 64,1181,1356,3,14
1993,1,Round of 64,1199,1191,3,14
1993,1,Round of 64,1228,1253,6,11
1993,1,Round of 64,1242,1123,2,15
1993,1,Round of 64,1314,1187,1,16
1993,1,Round of 64,1348,1345,8,9
1993,1,Round of 64,1365,1112,15,2
1993,1,Round of 64,1371,1398,2,15
1993,1,Round of 64,1385,1403,5,12
1993,1,Round of 64,1396,1281,7,10
1993,1,Round of 64,1408,1243,11,6
1993,1,Round of 64,1435,1129,3,14
1993,1,Round of 64,1443,1272,7,10
1993,1,Round of 64,1153,1164,2,15
1993,1,Round of 64,1203,1307,12,5
1993,1,Round of 64,1231,1460,1,16
1993,1,Round of 64,1234,1419,4,13
1993,1,Round of 64,1246,1351,1,16
1993,1,Round of 64,1257,1174,4,13
1993,1,Round of 64,1269,1335,3,14
1993,1,Round of 64,1276,1157,1,16
1993,1,Round of 64,1308,1304,7,10
1993,1,Round of 64,1329,1266,5,12
1993,1,Round of 64,1380,1210,13,4
1993,1,Round of 64,1417,1235,9,8
1993,1,Round of 64,1428,1338,8,9
1993,1,Round of 64,1438,1264,6,11
1993,1,Round of 64,1448,1151,5,12
1993,1,Round of 64,1462,1309,9,8
1993,2,Round of 32,1116,1385,4,5
1993,2,Round of 32,1143,1181,6,3
1993,2,Round of 32,1199,1408,3,11
1993,2,Round of 32,1242,1140,2,7
1993,2,Round of 32,1314,1348,1,8
1993,2,Round of 32,1396,1365,7,15
1993,2,Round of 32,1435,1228,3,6
1993,2,Round of 32,1443,1371,7,2
1993,2,Round of 32,1153,1308,2,7
1993,2,Round of 32,1203,1380,12,13
1993,2,Round of 32,1231,1462,1,9
1993,2,Round of 32,1246,1428,1,8
1993,2,Round of 32,1257,1329,4,5
1993,2,Round of 32,1276,1417,1,9
1993,2,Round of 32,1438,1269,6,3
1993,2,Round of 32,1448,1234,5,4
1993,3,Sweet 16,1199,1443,3,7
1993,3,Sweet 16,1231,1257,1,4
1993,3,Sweet 16,1242,1143,2,6
1993,3,Sweet 16,1246,1448,1,5
1993,3,Sweet 16,1153,1438,2,6
1993,3,Sweet 16,1276,1203,1,12
1993,3,Sweet 16,1314,1116,1,4
1993,3,Sweet 16,1396,1435,7,3
1993,4,Elite 8,1242,1231,2,1
1993,4,Elite 8,1246,1199,1,3
1993,4,Elite 8,1276,1396,1,7
1993,4,Elite 8,1314,1153,1,2
1993,5,Final Four,1276,1246,1,1
1993,5,Final Four,1314,1242,1,2
1993,6,Championship,1314,1276,1,1
1994,1,Round of 64,1104,1344,9,8
1994,1,Round of 64,1163,1351,2,15
1994,1,Round of 64,1196,1241,3,14
1994,1,Round of 64,1203,1412,10,7
1994,1,Round of 64,1242,1151,4,13
1994,1,Round of 64,1268,1387,10,7
1994,1,Round of 64,1269,1402,2,15
1994,1,Round of 64,1276,1337,3,14
1994,1,Round of 64,1281,1298,1,16
1994,1,Round of 64,1335,1304,11,6
1994,1,Round of 64,1345,1416,1,16
1994,1,Round of 64,1393,1218,4,13
1994,1,Round of 64,1400,1443,6,11
1994,1,Round of 64,1448,1158,5,12
1994,1,Round of 64,1453,1143,12,5
1994,1,Round of 64,1458,1153,9,8
1994,1,Round of 64,1112,1259,2,15
1994,1,Round of 64,1116,1299,1,16
1994,1,Round of 64,1130,1450,9,8
1994,1,Round of 64,1181,1411,2,15
1994,1,Round of 64,1207,1228,9,8
1994,1,Round of 64,1231,1325,5,12
1994,1,Round of 64,1246,1398,3,14
1994,1,Round of 64,1257,1129,3,14
1994,1,Round of 64,1266,1418,6,11
1994,1,Round of 64,1277,1371,7,10
1994,1,Round of 64,1278,1356,6,11
1994,1,Round of 64,1314,1251,1,16
1994,1,Round of 64,1329,1308,4,13
1994,1,Round of 64,1396,1180,4,13
1994,1,Round of 64,1409,1417,12,5
1994,1,Round of 64,1438,1307,7,10
1994,2,Round of 32,1163,1203,2,10
1994,2,Round of 32,1196,1335,3,11
1994,2,Round of 32,1242,1448,4,5
1994,2,Round of 32,1268,1269,10,2
1994,2,Round of 32,1276,1400,3,6
1994,2,Round of 32,1281,1458,1,9
1994,2,Round of 32,1345,1104,1,9
1994,2,Round of 32,1393,1453,4,12
1994,2,Round of 32,1112,1438,2,7
1994,2,Round of 32,1116,1207,1,9
1994,2,Round of 32,1130,1314,9,1
1994,2,Round of 32,1181,1277,2,7
1994,2,Round of 32,1231,1396,5,4
1994,2,Round of 32,1257,1278,3,6
1994,2,Round of 32,1266,1246,6,3
1994,2,Round of 32,1409,1329,12,4
1994,3,Sweet 16,1112,1257,2,3
1994,3,Sweet 16,1181,1266,2,6
1994,3,Sweet 16,1281,1393,1,4
1994,3,Sweet 16,1345,1242,1,4
1994,3,Sweet 16,1116,1409,1,12
1994,3,Sweet 16,1130,1231,9,5
1994,3,Sweet 16,1196,1163,3,2
1994,3,Sweet 16,1276,1268,3,10
1994,4,Elite 8,1112,1281,2,1
1994,4,Elite 8,1181,1345,2,1
1994,4,Elite 8,1116,1276,1,3
1994,4,Elite 8,1196,1130,3,9
1994,5,Final Four,1116,1112,1,2
1994,5,Final Four,1181,1196,2,3
1994,6,Championship,1116,1181,1,2
1995,1,Round of 64,1104,1335,5,12
1995,1,Round of 64,1113,1123,5,12
1995,1,Round of 64,1153,1396,7,10
1995,1,Round of 64,1163,1151,2,15
1995,1,Round of 64,1242,1159,1,16
1995,1,Round of 64,1246,1291,1,16
1995,1,Round of 64,1264,1328,13,4
1995,1,Round of 64,1268,1211,3,14
1995,1,Round of 64,1275,1112,12,5
1995,1,Round of 64,1329,1180,4,13
1995,1,Round of 64,1387,1278,9,8
1995,1,Round of 64,1400,1332,11,6
1995,1,Round of 64,1408,1140,9,8
1995,1,Round of 64,1438,1311,4,13
1995,1,Round of 64,1443,1276,8,9
1995,1,Round of 64,1448,1299,1,16
1995,1,Round of 64,1116,1411,2,15
1995,1,Round of 64,1207,1462,6,11
1995,1,Round of 64,1235,1196,7,10
1995,1,Round of 64,1269,1389,2,15
1995,1,Round of 64,1272,1257,6,11
1995,1,Round of 64,1280,1365,5,12
1995,1,Round of 64,1281,1231,8,9
1995,1,Round of 64,1314,1293,2,15
1995,1,Round of 64,1330,1437,14,3
1995,1,Round of 64,1345,1453,3,14
1995,1,Round of 64,1390,1150,10,7
1995,1,Round of 64,1393,1356,7,10
1995,1,Round of 64,1409,1228,6,11
1995,1,Round of 64,1417,1198,1,16
1995,1,Round of 64,1428,1253,4,13
1995,1,Round of 64,1451,1277,14,3
1995,2,Round of 32,1113,1264,5,13
1995,2,Round of 32,1163,1153,2,7
1995,2,Round of 32,1242,1443,1,8
1995,2,Round of 32,1246,1408,1,9
1995,2,Round of 32,1268,1400,3,11
1995,2,Round of 32,1329,1104,4,5
1995,2,Round of 32,1438,1275,4,12
1995,2,Round of 32,1448,1387,1,9
1995,2,Round of 32,1116,1393,2,7
1995,2,Round of 32,1207,1451,6,14
1995,2,Round of 32,1269,1390,2,10
1995,2,Round of 32,1272,1345,6,3
1995,2,Round of 32,1280,1428,5,4
1995,2,Round of 32,1314,1235,2,7
1995,2,Round of 32,1409,1330,6,14
1995,2,Round of 32,1417,1281,1,8
1995,3,Sweet 16,1163,1268,2,3
1995,3,Sweet 16,1246,1113,1,5
1995,3,Sweet 16,1314,1207,2,6
1995,3,Sweet 16,1417,1280,1,5
1995,3,Sweet 16,1116,1272,2,6
1995,3,Sweet 16,1269,1409,2,6
1995,3,Sweet 16,1329,1448,4,1
1995,3,Sweet 16,1438,1242,4,1
1995,4,Elite 8,1314,1246,2,1
1995,4,Elite 8,1417,1163,1,2
1995,4,Elite 8,1116,1438,2,4
1995,4,Elite 8,1329,1269,4,2
1995,5,Final Four,1116,1314,2,2
1995,5,Final Four,1417,1329,1,4
1995,6,Championship,1417,1116,1,2
1996,1,Round of 64,1116,1336,12,5
1996,1,Round of 64,1163,1159,1,16
1996,1,Round of 64,1180,1272,12,5
1996,1,Round of 64,1185,1181,9,8
1996,1,Round of 64,1208,1155,8,9
1996,1,Round of 64,1235,1143,5,12
1996,1,Round of 64,1246,1363,1,16
1996,1,Round of 64,1266,1284,4,13
1996,1,Round of 64,1269,1416,1,16
1996,1,Round of 64,1280,1433,5,12
1996,1,Round of 64,1343,1417,13,4
1996,1,Round of 64,1345,1441,1,16
1996,1,Round of 64,1390,1133,9,8
1996,1,Round of 64,1393,1286,4,13
1996,1,Round of 64,1428,1145,4,13
1996,1,Round of 64,1439,1453,9,8
1996,1,Round of 64,1112,1434,3,14
1996,1,Round of 64,1130,1231,11,6
1996,1,Round of 64,1153,1422,2,15
1996,1,Round of 64,1207,1290,2,15
1996,1,Round of 64,1210,1122,3,14
1996,1,Round of 64,1234,1203,6,11
1996,1,Round of 64,1242,1354,2,15
1996,1,Round of 64,1257,1409,6,11
1996,1,Round of 64,1307,1243,7,10
1996,1,Round of 64,1314,1309,6,11
1996,1,Round of 64,1365,1268,10,7
1996,1,Round of 64,1396,1328,7,10
1996,1,Round of 64,1400,1276,10,7
1996,1,Round of 64,1403,1296,3,14
1996,1,Round of 64,1437,1339,3,14
1996,1,Round of 64,1448,1419,2,15
1996,2,Round of 32,1116,1266,12,4
1996,2,Round of 32,1163,1185,1,9
1996,2,Round of 32,1208,1345,8,1
1996,2,Round of 32,1246,1439,1,9
1996,2,Round of 32,1269,1390,1,9
1996,2,Round of 32,1280,1343,5,13
1996,2,Round of 32,1393,1180,4,12
1996,2,Round of 32,1428,1235,4,5
1996,2,Round of 32,1112,1234,3,6
1996,2,Round of 32,1153,1396,2,7
1996,2,Round of 32,1207,1307,2,7
1996,2,Round of 32,1210,1130,3,11
1996,2,Round of 32,1242,1365,2,10
1996,2,Round of 32,1257,1437,6,3
1996,2,Round of 32,1403,1314,3,6
1996,2,Round of 32,1448,1400,2,10
1996,3,Sweet 16,1207,1403,2,3
1996,3,Sweet 16,1246,1428,1,4
1996,3,Sweet 16,1269,1116,1,12
1996,3,Sweet 16,1448,1257,2,6
1996,3,Sweet 16,1153,1210,2,3
1996,3,Sweet 16,1242,1112,2,3
1996,3,Sweet 16,1280,1163,5,1
1996,3,Sweet 16,1393,1208,4,8
1996,4,Elite 8,1246,1448,1,2
1996,4,Elite 8,1269,1207,1,2
1996,4,Elite 8,1280,1153,5,2
1996,4,Elite 8,1393,1242,4,2
1996,5,Final Four,1246,1269,1,1
1996,5,Final Four,1393,1280,4,5
1996,6,Championship,1246,1393,1,4
1997,1,Round of 64,1112,1375,4,13
1997,1,Round of 64,1130,1434,5,12
1997,1,Round of 64,1143,1343,5,12
1997,1,Round of 64,1153,1139,3,14
1997,1,Round of 64,1158,1268,12,5
1997,1,Round of 64,1160,1231,9,8
1997,1,Round of 64,1234,1438,8,9
1997,1,Round of 64,1235,1229,6,11
1997,1,Round of 64,1242,1238,1,16
1997,1,Round of 64,1246,1285,1,16
1997,1,Round of 64,1314,1193,1,16
1997,1,Round of 64,1345,1348,8,9
1997,1,Round of 64,1386,1334,4,13
1997,1,Round of 64,1417,1149,2,15
1997,1,Round of 64,1437,1254,4,13
1997,1,Round of 64,1462,1435,7,10
1997,1,Round of 64,1150,1207,7,10
1997,1,Round of 64,1151,1208,14,3
1997,1,Round of 64,1155,1275,4,13
1997,1,Round of 64,1164,1376,15,2
1997,1,Round of 64,1181,1293,2,15
1997,1,Round of 64,1228,1425,6,11
1997,1,Round of 64,1257,1269,6,11
1997,1,Round of 64,1278,1402,1,16
1997,1,Round of 64,1307,1330,3,14
1997,1,Round of 64,1344,1266,10,7
1997,1,Round of 64,1390,1328,6,11
1997,1,Round of 64,1396,1279,9,8
1997,1,Round of 64,1400,1458,10,7
1997,1,Round of 64,1409,1131,5,12
1997,1,Round of 64,1428,1298,2,15
1997,1,Round of 64,1448,1388,3,14
1997,2,Round of 32,1112,1158,4,12
1997,2,Round of 32,1143,1437,5,4
1997,2,Round of 32,1235,1153,6,3
1997,2,Round of 32,1242,1345,1,8
1997,2,Round of 32,1246,1234,1,8
1997,2,Round of 32,1314,1160,1,9
1997,2,Round of 32,1386,1130,4,5
1997,2,Round of 32,1417,1462,2,7
1997,2,Round of 32,1151,1228,14,6
1997,2,Round of 32,1155,1409,4,5
1997,2,Round of 32,1257,1307,6,3
1997,2,Round of 32,1278,1396,1,9
1997,2,Round of 32,1344,1181,10,2
1997,2,Round of 32,1390,1448,6,3
1997,2,Round of 32,1400,1164,10,15
1997,2,Round of 32,1428,1150,2,7
1997,3,Sweet 16,1246,1386,1,4
1997,3,Sweet 16,1278,1155,1,4
1997,3,Sweet 16,1417,1235,2,6
1997,3,Sweet 16,1428,1390,2,6
1997,3,Sweet 16,1112,1242,4,1
1997,3,Sweet 16,1257,1400,6,10
1997,3,Sweet 16,1314,1143,1,5
1997,3,Sweet 16,1344,1151,10,14
1997,4,Elite 8,1246,1428,1,2
1997,4,Elite 8,1278,1417,1,2
1997,4,Elite 8,1112,1344,4,10
1997,4,Elite 8,1314,1257,1,6
1997,5,Final Four,1112,1314,4,1
1997,5,Final Four,1246,1278,1,1
1997,6,Championship,1112,1246,4,1
1998,1,Round of 64,1112,1311,1,16
1998,1,Round of 64,1116,1304,6,11
1998,1,Round of 64,1150,1227,8,9
1998,1,Round of 64,1153,1319,2,15
1998,1,Round of 64,1163,1192,2,15
1998,1,Round of 64,1228,1375,5,12
1998,1,Round of 64,1229,1397,9,8
1998,1,Round of 64,1231,1328,7,10
1998,1,Round of 64,1268,1429,4,13
1998,1,Round of 64,1277,1185,4,13
1998,1,Round of 64,1314,1298,1,16
1998,1,Round of 64,1343,1424,5,12
1998,1,Round of 64,1350,1376,14,3
1998,1,Round of 64,1428,1362,3,14
1998,1,Round of 64,1449,1462,11,6
1998,1,Round of 64,1452,1396,10,7
1998,1,Round of 64,1178,1385,10,7
1998,1,Round of 64,1181,1347,1,16
1998,1,Round of 64,1199,1395,12,5
1998,1,Round of 64,1242,1341,1,16
1998,1,Round of 64,1246,1354,2,15
1998,1,Round of 64,1276,1172,3,14
1998,1,Round of 64,1307,1139,4,13
1998,1,Round of 64,1329,1203,8,9
1998,1,Round of 64,1345,1174,2,15
1998,1,Round of 64,1348,1293,8,9
1998,1,Round of 64,1387,1269,10,7
1998,1,Round of 64,1390,1158,3,14
1998,1,Round of 64,1393,1233,5,12
1998,1,Round of 64,1417,1274,6,11
1998,1,Round of 64,1434,1279,13,4
1998,1,Round of 64,1444,1155,11,6
1998,2,Round of 32,1112,1229,1,9
1998,2,Round of 32,1163,1231,2,7
1998,2,Round of 32,1268,1228,4,5
1998,2,Round of 32,1277,1343,4,5
1998,2,Round of 32,1314,1150,1,8
1998,2,Round of 32,1428,1116,3,6
1998,2,Round of 32,1449,1350,11,14
1998,2,Round of 32,1452,1153,10,2
1998,2,Round of 32,1181,1329,1,8
1998,2,Round of 32,1246,1387,2,10
1998,2,Round of 32,1345,1178,2,10
1998,2,Round of 32,1348,1242,8,1
1998,2,Round of 32,1390,1444,3,11
1998,2,Round of 32,1393,1307,5,4
1998,2,Round of 32,1417,1276,6,3
1998,2,Round of 32,1434,1199,13,12
1998,3,Sweet 16,1112,1268,1,4
1998,3,Sweet 16,1163,1449,2,11
1998,3,Sweet 16,1314,1277,1,4
1998,3,Sweet 16,1428,1452,3,10
1998,3,Sweet 16,1181,1393,1,5
1998,3,Sweet 16,1246,1417,2,6
1998,3,Sweet 16,1348,1434,8,13
1998,3,Sweet 16,1390,1345,3,2
1998,4,Elite 8,1314,1163,1,2
1998,4,Elite 8,1428,1112,3,1
1998,4,Elite 8,1246,1181,2,1
1998,4,Elite 8,1390,1348,3,8
1998,5,Final Four,1246,1390,2,3
1998,5,Final Four,1428,1314,3,1
1998,6,Championship,1246,1428,2,3
1999,1,Round of 64,1116,1373,4,13
1999,1,Round of 64,1120,1457,1,16
1999,1,Round of 64,1163,1427,1,16
1999,1,Round of 64,1166,1257,10,7
1999,1,Round of 64,1178,1417,12,5
1999,1,Round of 64,1196,1335,6,11
1999,1,Round of 64,1211,1278,10,7
1999,1,Round of 64,1231,1203,6,11
1999,1,Round of 64,1234,1412,5,12
1999,1,Round of 64,1268,1434,2,15
1999,1,Round of 64,1307,1281,9,8
1999,1,Round of 64,1326,1293,4,13
1999,1,Round of 64,1329,1393,9,8
1999,1,Round of 64,1385,1359,3,14
1999,1,Round of 64,1390,1108,2,15
1999,1,Round of 64,1451,1314,14,3
1999,1,Round of 64,1150,1348,5,12
1999,1,Round of 64,1153,1206,3,14
1999,1,Round of 64,1181,1197,1,16
1999,1,Round of 64,1242,1191,6,11
1999,1,Round of 64,1246,1308,3,14
1999,1,Round of 64,1274,1248,2,15
1999,1,Round of 64,1275,1449,10,7
1999,1,Round of 64,1277,1291,1,16
1999,1,Round of 64,1279,1437,9,8
1999,1,Round of 64,1283,1458,12,5
1999,1,Round of 64,1328,1112,13,4
1999,1,Round of 64,1345,1400,10,7
1999,1,Round of 64,1396,1245,6,11
1999,1,Round of 64,1397,1174,4,13
1999,1,Round of 64,1409,1158,9,8
1999,1,Round of 64,1428,1117,2,15
1999,2,Round of 32,1120,1329,1,9
1999,2,Round of 32,1163,1307,1,9
1999,2,Round of 32,1196,1451,6,14
1999,2,Round of 32,1211,1390,10,2
1999,2,Round of 32,1234,1116,5,4
1999,2,Round of 32,1268,1166,2,10
1999,2,Round of 32,1326,1178,4,12
1999,2,Round of 32,1385,1231,3,6
1999,2,Round of 32,1181,1409,1,9
1999,2,Round of 32,1246,1242,3,6
1999,2,Round of 32,1275,1428,10,2
1999,2,Round of 32,1277,1279,1,9
1999,2,Round of 32,1283,1397,12,4
1999,2,Round of 32,1328,1150,13,5
1999,2,Round of 32,1345,1274,10,2
1999,2,Round of 32,1396,1153,6,3
1999,3,Sweet 16,1163,1234,1,5
1999,3,Sweet 16,1211,1196,10,6
1999,3,Sweet 16,1326,1120,4,1
1999,3,Sweet 16,1385,1268,3,2
1999,3,Sweet 16,1181,1283,1,12
1999,3,Sweet 16,1246,1275,3,10
1999,3,Sweet 16,1277,1328,1,13
1999,3,Sweet 16,1396,1345,6,10
1999,4,Elite 8,1163,1211,1,10
1999,4,Elite 8,1326,1385,4,3
1999,4,Elite 8,1181,1396,1,6
1999,4,Elite 8,1277,1246,1,3
1999,5,Final Four,1163,1326,1,4
1999,5,Final Four,1181,1277,1,1
1999,6,Championship,1163,1181,1,1
2000,1,Round of 64,1112,1238,1,16
2000,1,Round of 64,1120,1166,7,10
2000,1,Round of 64,1211,1257,10,7
2000,1,Round of 64,1235,1148,2,15
2000,1,Round of 64,1246,1382,5,12
2000,1,Round of 64,1261,1369,4,13
2000,1,Round of 64,1268,1233,3,14
2000,1,Round of 64,1277,1434,1,16
2000,1,Round of 64,1328,1457,3,14
2000,1,Round of 64,1345,1173,6,11
2000,1,Round of 64,1385,1319,2,15
2000,1,Round of 64,1393,1359,4,13
2000,1,Round of 64,1400,1232,5,12
2000,1,Round of 64,1417,1123,6,11
2000,1,Round of 64,1428,1387,8,9
2000,1,Round of 64,1458,1201,8,9
2000,1,Round of 64,1153,1423,2,15
2000,1,Round of 64,1163,1429,5,12
2000,1,Round of 64,1181,1249,1,16
2000,1,Round of 64,1196,1139,5,12
2000,1,Round of 64,1228,1335,4,13
2000,1,Round of 64,1242,1177,8,9
2000,1,Round of 64,1274,1116,6,11
2000,1,Round of 64,1314,1281,8,9
2000,1,Round of 64,1326,1111,3,14
2000,1,Round of 64,1329,1220,3,14
2000,1,Round of 64,1337,1231,11,6
2000,1,Round of 64,1371,1332,10,7
2000,1,Round of 64,1390,1354,1,16
2000,1,Round of 64,1396,1248,2,15
2000,1,Round of 64,1397,1418,4,13
2000,1,Round of 64,1409,1424,7,10
2000,2,Round of 32,1211,1385,10,2
2000,2,Round of 32,1235,1120,2,7
2000,2,Round of 32,1261,1400,4,5
2000,2,Round of 32,1277,1428,1,8
2000,2,Round of 32,1345,1328,6,3
2000,2,Round of 32,1393,1246,4,5
2000,2,Round of 32,1417,1268,6,3
2000,2,Round of 32,1458,1112,8,1
2000,2,Round of 32,1181,1242,1,8
2000,2,Round of 32,1196,1228,5,4
2000,2,Round of 32,1274,1326,6,3
2000,2,Round of 32,1314,1390,8,1
2000,2,Round of 32,1329,1337,3,11
2000,2,Round of 32,1371,1396,10,2
2000,2,Round of 32,1397,1163,4,5
2000,2,Round of 32,1409,1153,7,2
2000,3,Sweet 16,1235,1417,2,6
2000,3,Sweet 16,1277,1393,1,4
2000,3,Sweet 16,1345,1211,6,10
2000,3,Sweet 16,1458,1261,8,4
2000,3,Sweet 16,1196,1181,5,1
2000,3,Sweet 16,1314,1397,8,4
2000,3,Sweet 16,1329,1371,3,10
2000,3,Sweet 16,1409,1274,7,6
2000,4,Elite 8,1277,1235,1,2
2000,4,Elite 8,1458,1345,8,6
2000,4,Elite 8,1196,1329,5,3
2000,4,Elite 8,1314,1409,8,7
2000,5,Final Four,1196,1314,5,8
2000,5,Final Four,1277,1458,1,8
2000,6,Championship,1277,1196,1,5
2001,0,Play-In,1322,1457,16,16
2001,1,Round of 64,1130,1381,3,14
2001,1,Round of 64,1153,1140,5,12
2001,1,Round of 64,1181,1284,1,16
2001,1,Round of 64,1207,1116,10,7
2001,1,Round of 64,1209,1458,11,6
2001,1,Round of 64,1214,1235,15,2
2001,1,Round of 64,1234,1166,7,10
2001,1,Round of 64,1245,1231,13,4
2001,1,Round of 64,1246,1221,2,15
2001,1,Round of 64,1268,1206,3,14
2001,1,Round of 64,1281,1208,9,8
2001,1,Round of 64,1386,1210,9,8
2001,1,Round of 64,1390,1422,1,16
2001,1,Round of 64,1417,1220,4,13
2001,1,Round of 64,1425,1329,6,11
2001,1,Round of 64,1429,1326,12,5
2001,1,Round of 64,1112,1183,2,15
2001,1,Round of 64,1139,1448,10,7
2001,1,Round of 64,1150,1397,9,8
2001,1,Round of 64,1196,1443,3,14
2001,1,Round of 64,1201,1143,9,8
2001,1,Round of 64,1211,1438,12,5
2001,1,Round of 64,1228,1322,1,16
2001,1,Round of 64,1232,1328,13,4
2001,1,Round of 64,1242,1169,4,13
2001,1,Round of 64,1277,1106,1,16
2001,1,Round of 64,1279,1233,3,14
2001,1,Round of 64,1314,1343,2,15
2001,1,Round of 64,1323,1462,6,11
2001,1,Round of 64,1336,1344,7,10
2001,1,Round of 64,1393,1218,5,12
2001,1,Round of 64,1396,1400,11,6
2001,2,Round of 32,1153,1245,5,13
2001,2,Round of 32,1181,1281,1,9
2001,2,Round of 32,1207,1214,10,15
2001,2,Round of 32,1246,1234,2,7
2001,2,Round of 32,1268,1209,3,11
2001,2,Round of 32,1390,1386,1,9
2001,2,Round of 32,1417,1429,4,12
2001,2,Round of 32,1425,1130,6,3
2001,2,Round of 32,1112,1139,2,10
2001,2,Round of 32,1211,1232,12,13
2001,2,Round of 32,1228,1150,1,9
2001,2,Round of 32,1242,1393,4,5
2001,2,Round of 32,1277,1201,1,9
2001,2,Round of 32,1279,1323,3,6
2001,2,Round of 32,1336,1314,7,2
2001,2,Round of 32,1396,1196,11,3
2001,3,Sweet 16,1181,1417,1,4
2001,3,Sweet 16,1268,1207,3,10
2001,3,Sweet 16,1390,1153,1,5
2001,3,Sweet 16,1425,1246,6,2
2001,3,Sweet 16,1112,1279,2,3
2001,3,Sweet 16,1228,1242,1,4
2001,3,Sweet 16,1277,1211,1,12
2001,3,Sweet 16,1396,1336,11,7
2001,4,Elite 8,1181,1425,1,6
2001,4,Elite 8,1268,1390,3,1
2001,4,Elite 8,1112,1228,2,1
2001,4,Elite 8,1277,1396,1,11
2001,5,Final Four,1112,1277,2,1
2001,5,Final Four,1181,1268,1,3
2001,6,Championship,1181,1112,1,2
2002,0,Play-In,1373,1108,16,16
2002,1,Round of 64,1104,1194,2,15
2002,1,Round of 64,1112,1364,3,14
2002,1,Round of 64,1181,1457,1,16
2002,1,Round of 64,1231,1428,5,12
2002,1,Round of 64,1242,1221,1,16
2002,1,Round of 64,1245,1329,10,7
2002,1,Round of 64,1246,1434,4,13
2002,1,Round of 64,1281,1274,12,5
2002,1,Round of 64,1323,1150,8,9
2002,1,Round of 64,1326,1172,4,13
2002,1,Round of 64,1332,1285,2,15
2002,1,Round of 64,1390,1443,8,9
2002,1,Round of 64,1409,1266,12,5
2002,1,Round of 64,1423,1425,13,4
2002,1,Round of 64,1448,1337,7,10
2002,1,Round of 64,1461,1211,11,6
2002,1,Round of 64,1143,1335,6,11
2002,1,Round of 64,1153,1131,1,16
2002,1,Round of 64,1163,1214,2,15
2002,1,Round of 64,1166,1196,12,5
2002,1,Round of 64,1208,1293,3,14
2002,1,Round of 64,1228,1361,4,13
2002,1,Round of 64,1268,1373,1,16
2002,1,Round of 64,1280,1270,3,14
2002,1,Round of 64,1301,1277,7,10
2002,1,Round of 64,1328,1227,2,15
2002,1,Round of 64,1338,1148,3,14
2002,1,Round of 64,1356,1403,11,6
2002,1,Round of 64,1400,1130,6,11
2002,1,Round of 64,1417,1279,8,9
2002,1,Round of 64,1458,1385,8,9
2002,1,Round of 64,1462,1218,7,10
2002,2,Round of 32,1112,1461,3,11
2002,2,Round of 32,1181,1323,1,8
2002,2,Round of 32,1231,1423,5,13
2002,2,Round of 32,1242,1390,1,8
2002,2,Round of 32,1245,1104,10,2
2002,2,Round of 32,1246,1409,4,12
2002,2,Round of 32,1281,1326,12,4
2002,2,Round of 32,1332,1448,2,7
2002,2,Round of 32,1163,1301,2,7
2002,2,Round of 32,1228,1166,4,12
2002,2,Round of 32,1268,1458,1,8
2002,2,Round of 32,1328,1462,2,7
2002,2,Round of 32,1338,1143,3,6
2002,2,Round of 32,1356,1208,11,3
2002,2,Round of 32,1400,1280,6,3
2002,2,Round of 32,1417,1153,8,1
2002,3,Sweet 16,1231,1181,5,1
2002,3,Sweet 16,1245,1338,10,3
2002,3,Sweet 16,1281,1417,12,8
2002,3,Sweet 16,1328,1112,2,3
2002,3,Sweet 16,1163,1356,2,11
2002,3,Sweet 16,1242,1228,1,4
2002,3,Sweet 16,1268,1246,1,4
2002,3,Sweet 16,1332,1400,2,6
2002,4,Elite 8,1231,1245,5,10
2002,4,Elite 8,1328,1281,2,12
2002,4,Elite 8,1242,1332,1,2
2002,4,Elite 8,1268,1163,1,2
2002,5,Final Four,1231,1328,5,2
2002,5,Final Four,1268,1242,1,1
2002,6,Championship,1268,1231,1,5
2003,0,Play-In,1421,1411,16,16
2003,1,Round of 64,1112,1436,1,16
2003,1,Round of 64,1113,1272,10,7
2003,1,Round of 64,1141,1166,11,6
2003,1,Round of 64,1143,1301,8,9
2003,1,Round of 64,1163,1140,5,12
2003,1,Round of 64,1181,1161,3,14
2003,1,Round of 64,1211,1153,9,8
2003,1,Round of 64,1228,1443,4,13
2003,1,Round of 64,1242,1429,2,15
2003,1,Round of 64,1266,1221,3,14
2003,1,Round of 64,1281,1356,6,11
2003,1,Round of 64,1323,1454,5,12
2003,1,Round of 64,1328,1354,1,16
2003,1,Round of 64,1390,1360,4,13
2003,1,Round of 64,1409,1173,13,4
2003,1,Round of 64,1458,1451,5,12
2003,1,Round of 64,1120,1386,10,7
2003,1,Round of 64,1139,1280,12,5
2003,1,Round of 64,1196,1358,2,15
2003,1,Round of 64,1231,1104,7,10
2003,1,Round of 64,1246,1237,1,16
2003,1,Round of 64,1257,1122,4,13
2003,1,Round of 64,1268,1423,6,11
2003,1,Round of 64,1277,1160,7,10
2003,1,Round of 64,1329,1335,6,11
2003,1,Round of 64,1338,1447,2,15
2003,1,Round of 64,1345,1261,9,8
2003,1,Round of 64,1393,1264,3,14
2003,1,Round of 64,1400,1421,1,16
2003,1,Round of 64,1428,1332,9,8
2003,1,Round of 64,1448,1190,2,15
2003,1,Round of 64,1462,1407,3,14
2003,2,Round of 32,1112,1211,1,9
2003,2,Round of 32,1163,1390,5,4
2003,2,Round of 32,1181,1141,3,11
2003,2,Round of 32,1242,1113,2,10
2003,2,Round of 32,1266,1281,3,6
2003,2,Round of 32,1323,1228,5,4
2003,2,Round of 32,1328,1143,1,8
2003,2,Round of 32,1458,1409,5,13
2003,2,Round of 32,1120,1448,10,2
2003,2,Round of 32,1139,1257,12,4
2003,2,Round of 32,1246,1428,1,9
2003,2,Round of 32,1268,1462,6,3
2003,2,Round of 32,1277,1196,7,2
2003,2,Round of 32,1338,1231,2,7
2003,2,Round of 32,1393,1329,3,6
2003,2,Round of 32,1400,1345,1,9
2003,3,Sweet 16,1112,1323,1,5
2003,3,Sweet 16,1242,1181,2,3
2003,3,Sweet 16,1246,1458,1,5
2003,3,Sweet 16,1266,1338,3,2
2003,3,Sweet 16,1277,1268,7,6
2003,3,Sweet 16,1328,1139,1,12
2003,3,Sweet 16,1393,1120,3,10
2003,3,Sweet 16,1400,1163,1,5
2003,4,Elite 8,1242,1112,2,1
2003,4,Elite 8,1266,1246,3,1
2003,4,Elite 8,1393,1328,3,1
2003,4,Elite 8,1400,1277,1,7
2003,5,Final Four,1242,1266,2,3
2003,5,Final Four,1393,1400,3,1
2003,6,Championship,1393,1242,3,2
2004,0,Play-In,1197,1250,16,16
2004,1,Round of 64,1104,1356,8,9
2004,1,Round of 64,1163,1436,2,15
2004,1,Round of 64,1177,1173,7,10
2004,1,Round of 64,1181,1106,1,16
2004,1,Round of 64,1211,1434,2,15
2004,1,Round of 64,1264,1196,12,5
2004,1,Round of 64,1268,1431,4,13
2004,1,Round of 64,1305,1277,10,7
2004,1,Round of 64,1314,1102,6,11
2004,1,Round of 64,1371,1112,8,9
2004,1,Round of 64,1386,1251,1,16
2004,1,Round of 64,1390,1427,1,16
2004,1,Round of 64,1393,1140,5,12
2004,1,Round of 64,1400,1343,3,14
2004,1,Round of 64,1403,1150,8,9
2004,1,Round of 64,1448,1433,4,13
2004,1,Round of 64,1130,1428,6,11
2004,1,Round of 64,1153,1190,4,13
2004,1,Round of 64,1210,1320,3,14
2004,1,Round of 64,1228,1293,5,12
2004,1,Round of 64,1242,1227,4,13
2004,1,Round of 64,1246,1197,1,16
2004,1,Round of 64,1272,1376,7,10
2004,1,Round of 64,1280,1284,2,15
2004,1,Round of 64,1301,1418,3,14
2004,1,Round of 64,1329,1186,2,15
2004,1,Round of 64,1334,1344,12,5
2004,1,Round of 64,1338,1416,3,14
2004,1,Round of 64,1412,1449,9,8
2004,1,Round of 64,1435,1444,6,11
2004,1,Round of 64,1458,1350,6,11
2004,1,Round of 64,1462,1257,7,10
2004,2,Round of 32,1104,1390,8,1
2004,2,Round of 32,1163,1177,2,7
2004,2,Round of 32,1181,1371,1,8
2004,2,Round of 32,1305,1211,10,2
2004,2,Round of 32,1386,1403,1,8
2004,2,Round of 32,1393,1268,5,4
2004,2,Round of 32,1400,1314,3,6
2004,2,Round of 32,1448,1264,4,12
2004,2,Round of 32,1210,1130,3,6
2004,2,Round of 32,1228,1153,5,4
2004,2,Round of 32,1242,1334,4,12
2004,2,Round of 32,1329,1272,2,7
2004,2,Round of 32,1338,1458,3,6
2004,2,Round of 32,1412,1246,9,1
2004,2,Round of 32,1435,1301,6,3
2004,2,Round of 32,1462,1280,7,2
2004,3,Sweet 16,1104,1393,8,5
2004,3,Sweet 16,1163,1435,2,6
2004,3,Sweet 16,1329,1338,2,3
2004,3,Sweet 16,1386,1448,1,4
2004,3,Sweet 16,1181,1228,1,5
2004,3,Sweet 16,1210,1305,3,10
2004,3,Sweet 16,1242,1412,4,9
2004,3,Sweet 16,1462,1400,7,3
2004,4,Elite 8,1163,1104,2,8
2004,4,Elite 8,1329,1386,2,1
2004,4,Elite 8,1181,1462,1,7
2004,4,Elite 8,1210,1242,3,4
2004,5,Final Four,1163,1181,2,1
2004,5,Final Four,1210,1329,3,2
2004,6,Championship,1163,1210,2,3
2005,0,Play-In,1324,1105,16,16
2005,1,Round of 64,1112,1429,3,14
2005,1,Round of 64,1130,1335,4,13
2005,1,Round of 64,1153,1234,7,10
2005,1,Round of 64,1211,1457,3,14
2005,1,Round of 64,1228,1192,1,16
2005,1,Round of 64,1246,1184,2,15
2005,1,Round of 64,1305,1400,9,8
2005,1,Round of 64,1328,1310,3,14
2005,1,Round of 64,1334,1338,8,9
2005,1,Round of 64,1403,1417,6,11
2005,1,Round of 64,1412,1261,11,6
2005,1,Round of 64,1428,1431,6,11
2005,1,Round of 64,1448,1151,2,15
2005,1,Round of 64,1449,1285,1,16
2005,1,Round of 64,1452,1166,7,10
2005,1,Round of 64,1454,1104,12,5
2005,1,Round of 64,1137,1242,14,3
2005,1,Round of 64,1163,1416,2,15
2005,1,Round of 64,1181,1175,1,16
2005,1,Round of 64,1196,1325,4,13
2005,1,Round of 64,1210,1203,5,12
2005,1,Round of 64,1235,1278,9,8
2005,1,Round of 64,1257,1418,4,13
2005,1,Round of 64,1277,1330,5,12
2005,1,Round of 64,1280,1390,9,8
2005,1,Round of 64,1301,1150,10,7
2005,1,Round of 64,1314,1324,1,16
2005,1,Round of 64,1329,1368,2,15
2005,1,Round of 64,1356,1388,7,10
2005,1,Round of 64,1436,1393,13,4
2005,1,Round of 64,1437,1307,5,12
2005,1,Round of 64,1458,1320,6,11
2005,2,Round of 32,1112,1412,3,11
2005,2,Round of 32,1228,1305,1,9
2005,2,Round of 32,1246,1153,2,7
2005,2,Round of 32,1403,1211,6,3
2005,2,Round of 32,1428,1328,6,3
2005,2,Round of 32,1449,1334,1,8
2005,2,Round of 32,1452,1448,7,2
2005,2,Round of 32,1454,1130,12,4
2005,2,Round of 32,1181,1280,1,9
2005,2,Round of 32,1257,1210,4,5
2005,2,Round of 32,1277,1436,5,13
2005,2,Round of 32,1301,1163,10,2
2005,2,Round of 32,1314,1235,1,9
2005,2,Round of 32,1329,1356,2,7
2005,2,Round of 32,1437,1196,5,4
2005,2,Round of 32,1458,1137,6,14
2005,3,Sweet 16,1112,1329,3,2
2005,3,Sweet 16,1228,1454,1,12
2005,3,Sweet 16,1257,1449,4,1
2005,3,Sweet 16,1452,1403,7,6
2005,3,Sweet 16,1246,1428,2,6
2005,3,Sweet 16,1277,1181,5,1
2005,3,Sweet 16,1314,1437,1,5
2005,3,Sweet 16,1458,1301,6,10
2005,4,Elite 8,1228,1112,1,3
2005,4,Elite 8,1257,1452,4,7
2005,4,Elite 8,1277,1246,5,2
2005,4,Elite 8,1314,1458,1,6
2005,5,Final Four,1228,1257,1,4
2005,5,Final Four,1314,1277,1,5
2005,6,Championship,1314,1228,1,1
2006,0,Play-In,1284,1214,16,16
2006,1,Round of 64,1104,1266,10,7
2006,1,Round of 64,1130,1334,4,13
2006,1,Round of 64,1181,1380,1,16
2006,1,Round of 64,1196,1375,3,14
2006,1,Round of 64,1203,1423,8,9
2006,1,Round of 64,1211,1462,3,14
2006,1,Round of 64,1228,1102,4,13
2006,1,Round of 64,1231,1361,6,11
2006,1,Round of 64,1261,1233,4,13
2006,1,Round of 64,1285,1305,12,5
2006,1,Round of 64,1397,1457,2,15
2006,1,Round of 64,1401,1393,12,5
2006,1,Round of 64,1417,1125,2,15
2006,1,Round of 64,1449,1429,5,12
2006,1,Round of 64,1454,1328,11,6
2006,1,Round of 64,1455,1371,7,10
2006,1,Round of 64,1112,1458,8,9
2006,1,Round of 64,1133,1242,13,4
2006,1,Round of 64,1137,1116,9,8
2006,1,Round of 64,1163,1107,1,16
2006,1,Round of 64,1206,1277,11,6
2006,1,Round of 64,1207,1320,7,10
2006,1,Round of 64,1246,1412,8,9
2006,1,Round of 64,1272,1331,1,16
2006,1,Round of 64,1301,1143,10,7
2006,1,Round of 64,1314,1293,3,14
2006,1,Round of 64,1322,1234,14,3
2006,1,Round of 64,1326,1172,2,15
2006,1,Round of 64,1338,1245,5,12
2006,1,Round of 64,1400,1335,2,15
2006,1,Round of 64,1437,1284,1,16
2006,1,Round of 64,1452,1356,6,11
2006,2,Round of 32,1130,1285,4,12
2006,2,Round of 32,1181,1203,1,8
2006,2,Round of 32,1196,1454,3,11
2006,2,Round of 32,1211,1231,3,6
2006,2,Round of 32,1261,1401,4,12
2006,2,Round of 32,1417,1104,2,10
2006,2,Round of 32,1449,1228,5,4
2006,2,Round of 32,1455,1397,7,2
2006,2,Round of 32,1133,1338,13,5
2006,2,Round of 32,1163,1246,1,8
2006,2,Round of 32,1206,1314,11,3
2006,2,Round of 32,1207,1326,7,2
2006,2,Round of 32,1272,1137,1,9
2006,2,Round of 32,1400,1301,2,10
2006,2,Round of 32,1437,1112,1,8
2006,2,Round of 32,1452,1322,6,14
2006,3,Sweet 16,1261,1181,4,1
2006,3,Sweet 16,1272,1133,1,13
2006,3,Sweet 16,1400,1452,2,6
2006,3,Sweet 16,1417,1211,2,3
2006,3,Sweet 16,1163,1449,1,5
2006,3,Sweet 16,1196,1207,3,7
2006,3,Sweet 16,1206,1455,11,7
2006,3,Sweet 16,1437,1130,1,4
2006,4,Elite 8,1261,1400,4,2
2006,4,Elite 8,1417,1272,2,1
2006,4,Elite 8,1196,1437,3,1
2006,4,Elite 8,1206,1163,11,1
2006,5,Final Four,1196,1206,3,11
2006,5,Final Four,1417,1261,2,4
2006,6,Championship,1196,1417,3,2
2007,0,Play-In,1310,1197,16,16
2007,1,Round of 64,1130,1403,7,10
2007,1,Round of 64,1139,1330,5,12
2007,1,Round of 64,1207,1125,2,15
2007,1,Round of 64,1231,1211,7,10
2007,1,Round of 64,1257,1390,6,11
2007,1,Round of 64,1268,1172,4,13
2007,1,Round of 64,1277,1266,9,8
2007,1,Round of 64,1314,1184,1,16
2007,1,Round of 64,1326,1148,1,16
2007,1,Round of 64,1338,1460,3,14
2007,1,Round of 64,1401,1335,3,14
2007,1,Round of 64,1417,1451,2,15
2007,1,Round of 64,1433,1181,11,6
2007,1,Round of 64,1435,1203,6,11
2007,1,Round of 64,1450,1331,3,14
2007,1,Round of 64,1462,1140,9,8
2007,1,Round of 64,1196,1238,1,16
2007,1,Round of 64,1242,1310,1,16
2007,1,Round of 64,1246,1437,8,9
2007,1,Round of 64,1272,1317,2,15
2007,1,Round of 64,1305,1166,7,10
2007,1,Round of 64,1332,1275,3,14
2007,1,Round of 64,1345,1112,9,8
2007,1,Round of 64,1356,1221,4,13
2007,1,Round of 64,1397,1253,5,12
2007,1,Round of 64,1400,1308,4,13
2007,1,Round of 64,1424,1210,7,10
2007,1,Round of 64,1425,1116,5,12
2007,1,Round of 64,1438,1107,4,13
2007,1,Round of 64,1439,1228,5,12
2007,1,Round of 64,1457,1323,11,6
2007,1,Round of 64,1458,1394,2,15
2007,2,Round of 32,1139,1268,5,4
2007,2,Round of 32,1207,1130,2,7
2007,2,Round of 32,1314,1277,1,9
2007,2,Round of 32,1326,1462,1,9
2007,2,Round of 32,1338,1433,3,11
2007,2,Round of 32,1401,1257,3,6
2007,2,Round of 32,1417,1231,2,7
2007,2,Round of 32,1435,1450,6,3
2007,2,Round of 32,1196,1345,1,9
2007,2,Round of 32,1242,1246,1,8
2007,2,Round of 32,1272,1305,2,7
2007,2,Round of 32,1332,1457,3,11
2007,2,Round of 32,1356,1439,4,5
2007,2,Round of 32,1397,1438,5,4
2007,2,Round of 32,1424,1458,7,2
2007,2,Round of 32,1425,1400,5,4
2007,3,Sweet 16,1242,1356,1,4
2007,3,Sweet 16,1272,1401,2,3
2007,3,Sweet 16,1326,1397,1,5
2007,3,Sweet 16,1417,1338,2,3
2007,3,Sweet 16,1196,1139,1,5
2007,3,Sweet 16,1207,1435,2,6
2007,3,Sweet 16,1314,1425,1,5
2007,3,Sweet 16,1332,1424,3,7
2007,4,Elite 8,1326,1272,1,2
2007,4,Elite 8,1417,1242,2,1
2007,4,Elite 8,1196,1332,1,3
2007,4,Elite 8,1207,1314,2,1
2007,5,Final Four,1196,1417,1,2
2007,5,Final Four,1326,1207,1,2
2007,6,Championship,1196,1326,1,1
2008,0,Play-In,1291,1164,16,16
2008,1,Round of 64,1181,1125,2,15
2008,1,Round of 64,1242,1340,1,16
2008,1,Round of 64,1243,1425,11,6
2008,1,Round of 64,1266,1246,6,11
2008,1,Round of 64,1277,1396,5,12
2008,1,Round of 64,1323,1206,5,12
2008,1,Round of 64,1338,1331,4,13
2008,1,Round of 64,1345,1124,6,11
2008,1,Round of 64,1390,1165,3,14
2008,1,Round of 64,1401,1140,9,8
2008,1,Round of 64,1417,1290,1,16
2008,1,Round of 64,1424,1245,8,9
2008,1,Round of 64,1450,1457,4,13
2008,1,Round of 64,1452,1112,7,10
2008,1,Round of 64,1458,1168,3,14
2008,1,Round of 64,1462,1208,3,14
2008,1,Round of 64,1116,1231,9,8
2008,1,Round of 64,1139,1375,7,10
2008,1,Round of 64,1172,1211,10,7
2008,1,Round of 64,1207,1420,2,15
2008,1,Round of 64,1257,1129,3,14
2008,1,Round of 64,1272,1426,1,16
2008,1,Round of 64,1274,1388,7,10
2008,1,Round of 64,1280,1332,8,9
2008,1,Round of 64,1314,1291,1,16
2008,1,Round of 64,1328,1386,6,11
2008,1,Round of 64,1360,1163,13,4
2008,1,Round of 64,1373,1435,13,4
2008,1,Round of 64,1397,1110,2,15
2008,1,Round of 64,1400,1122,2,15
2008,1,Round of 64,1437,1155,12,5
2008,1,Round of 64,1443,1179,12,5
2008,2,Round of 32,1242,1424,1,8
2008,2,Round of 32,1277,1338,5,4
2008,2,Round of 32,1390,1266,3,6
2008,2,Round of 32,1417,1401,1,9
2008,2,Round of 32,1450,1323,4,5
2008,2,Round of 32,1452,1181,7,2
2008,2,Round of 32,1458,1243,3,11
2008,2,Round of 32,1462,1345,3,6
2008,2,Round of 32,1172,1207,10,2
2008,2,Round of 32,1257,1328,3,6
2008,2,Round of 32,1272,1280,1,8
2008,2,Round of 32,1314,1116,1,9
2008,2,Round of 32,1397,1139,2,7
2008,2,Round of 32,1400,1274,2,7
2008,2,Round of 32,1437,1373,12,13
2008,2,Round of 32,1443,1360,12,13
2008,3,Sweet 16,1257,1397,3,2
2008,3,Sweet 16,1314,1450,1,4
2008,3,Sweet 16,1417,1443,1,12
2008,3,Sweet 16,1462,1452,3,7
2008,3,Sweet 16,1172,1458,10,3
2008,3,Sweet 16,1242,1437,1,12
2008,3,Sweet 16,1272,1277,1,5
2008,3,Sweet 16,1400,1390,2,3
2008,4,Elite 8,1314,1257,1,3
2008,4,Elite 8,1417,1462,1,3
2008,4,Elite 8,1242,1172,1,10
2008,4,Elite 8,1272,1400,1,2
2008,5,Final Four,1242,1314,1,1
2008,5,Final Four,1272,1417,1,1
2008,6,Championship,1242,1272,1,1
2009,0,Play-In,1287,1106,16,16
2009,1,Round of 64,1163,1151,1,16
2009,1,Round of 64,1181,1127,2,15
2009,1,Round of 64,1211,1103,4,13
2009,1,Round of 64,1261,1139,8,9
2009,1,Round of 64,1268,1143,10,7
2009,1,Round of 64,1272,1169,2,15
2009,1,Round of 64,1276,1155,10,7
2009,1,Round of 64,1314,1347,1,16
2009,1,Round of 64,1328,1288,2,15
2009,1,Round of 64,1345,1320,5,12
2009,1,Round of 64,1400,1278,7,10
2009,1,Round of 64,1401,1140,9,8
2009,1,Round of 64,1417,1433,6,11
2009,1,Round of 64,1437,1110,3,14
2009,1,Round of 64,1443,1228,12,5
2009,1,Round of 64,1449,1280,4,13
2009,1,Round of 64,1112,1428,12,5
2009,1,Round of 64,1113,1396,6,11
2009,1,Round of 64,1156,1448,13,4
2009,1,Round of 64,1173,1452,11,6
2009,1,Round of 64,1242,1295,3,14
2009,1,Round of 64,1257,1287,1,16
2009,1,Round of 64,1266,1429,6,11
2009,1,Round of 64,1277,1352,2,15
2009,1,Round of 64,1281,1165,3,14
2009,1,Round of 64,1329,1397,8,9
2009,1,Round of 64,1338,1190,1,16
2009,1,Round of 64,1373,1326,9,8
2009,1,Round of 64,1393,1372,3,14
2009,1,Round of 64,1425,1130,10,7
2009,1,Round of 64,1458,1199,12,5
2009,1,Round of 64,1462,1340,4,13
2009,2,Round of 32,1163,1401,1,9
2009,2,Round of 32,1181,1400,2,7
2009,2,Round of 32,1211,1443,4,12
2009,2,Round of 32,1272,1268,2,10
2009,2,Round of 32,1314,1261,1,8
2009,2,Round of 32,1328,1276,2,10
2009,2,Round of 32,1345,1449,5,4
2009,2,Round of 32,1437,1417,3,6
2009,2,Round of 32,1112,1156,12,13
2009,2,Round of 32,1242,1173,3,11
2009,2,Round of 32,1257,1373,1,9
2009,2,Round of 32,1277,1425,2,10
2009,2,Round of 32,1281,1266,3,6
2009,2,Round of 32,1338,1329,1,8
2009,2,Round of 32,1393,1113,3,6
2009,2,Round of 32,1462,1458,4,12
2009,3,Sweet 16,1163,1345,1,5
2009,3,Sweet 16,1281,1272,3,2
2009,3,Sweet 16,1338,1462,1,4
2009,3,Sweet 16,1437,1181,3,2
2009,3,Sweet 16,1257,1112,1,12
2009,3,Sweet 16,1277,1242,2,3
2009,3,Sweet 16,1314,1211,1,4
2009,3,Sweet 16,1328,1393,2,3
2009,4,Elite 8,1163,1281,1,3
2009,4,Elite 8,1437,1338,3,1
2009,4,Elite 8,1277,1257,2,1
2009,4,Elite 8,1314,1328,1,2
2009,5,Final Four,1277,1163,2,1
2009,5,Final Four,1314,1437,1,3
2009,6,Championship,1314,1277,1,2
2010,0,Play-In,1115,1457,16,16
2010,1,Round of 64,1124,1358,3,14
2010,1,Round of 64,1139,1431,5,12
2010,1,Round of 64,1140,1196,7,10
2010,1,Round of 64,1242,1250,1,16
2010,1,Round of 64,1243,1317,2,15
2010,1,Round of 64,1246,1190,1,16
2010,1,Round of 64,1293,1435,13,4
2010,1,Round of 64,1307,1285,3,14
2010,1,Round of 64,1320,1424,9,8
2010,1,Round of 64,1325,1207,14,3
2010,1,Round of 64,1330,1323,11,6
2010,1,Round of 64,1388,1350,10,7
2010,1,Round of 64,1397,1361,6,11
2010,1,Round of 64,1437,1352,2,15
2010,1,Round of 64,1448,1400,9,8
2010,1,Round of 64,1449,1266,11,6
2010,1,Round of 64,1143,1257,8,9
2010,1,Round of 64,1165,1396,12,5
2010,1,Round of 64,1181,1115,1,16
2010,1,Round of 64,1210,1329,10,7
2010,1,Round of 64,1211,1199,8,9
2010,1,Round of 64,1268,1222,4,13
2010,1,Round of 64,1277,1308,5,12
2010,1,Round of 64,1281,1155,10,7
2010,1,Round of 64,1326,1364,2,15
2010,1,Round of 64,1338,1324,3,14
2010,1,Round of 64,1345,1373,4,13
2010,1,Round of 64,1393,1436,1,16
2010,1,Round of 64,1401,1429,5,12
2010,1,Round of 64,1452,1288,2,15
2010,1,Round of 64,1458,1459,4,13
2010,1,Round of 64,1462,1278,6,11
2010,2,Round of 32,1124,1330,3,11
2010,2,Round of 32,1139,1293,5,13
2010,2,Round of 32,1243,1140,2,7
2010,2,Round of 32,1246,1448,1,9
2010,2,Round of 32,1320,1242,9,1
2010,2,Round of 32,1388,1437,10,2
2010,2,Round of 32,1397,1325,6,14
2010,2,Round of 32,1449,1307,11,3
2010,2,Round of 32,1165,1458,12,4
2010,2,Round of 32,1181,1143,1,8
2010,2,Round of 32,1277,1268,5,4
2010,2,Round of 32,1326,1210,2,10
2010,2,Round of 32,1345,1401,4,5
2010,2,Round of 32,1393,1211,1,8
2010,2,Round of 32,1452,1281,2,10
2010,2,Round of 32,1462,1338,6,3
2010,3,Sweet 16,1139,1393,5,1
2010,3,Sweet 16,1243,1462,2,6
2010,3,Sweet 16,1246,1165,1,12
2010,3,Sweet 16,1452,1449,2,11
2010,3,Sweet 16,1124,1388,3,10
2010,3,Sweet 16,1181,1345,1,4
2010,3,Sweet 16,1277,1320,5,9
2010,3,Sweet 16,1397,1326,6,2
2010,4,Elite 8,1139,1243,5,2
2010,4,Elite 8,1452,1246,2,1
2010,4,Elite 8,1181,1124,1,3
2010,4,Elite 8,1277,1397,5,6
2010,5,Final Four,1139,1277,5,5
2010,5,Final Four,1181,1452,1,2
2010,6,Championship,1181,1139,1,5
2011,0,Play-In,1155,1412,12,12
2011,0,Play-In,1421,1114,16,16
2011,0,Play-In,1427,1106,16,16
2011,0,Play-In,1433,1425,11,11
2011,1,Round of 64,1139,1330,8,9
2011,1,Round of 64,1140,1459,3,14
2011,1,Round of 64,1153,1281,6,11
2011,1,Round of 64,1163,1137,3,14
2011,1,Round of 64,1196,1364,2,15
2011,1,Round of 64,1211,1385,11,6
2011,1,Round of 64,1243,1429,5,12
2011,1,Round of 64,1246,1343,4,13
2011,1,Round of 64,1287,1257,13,4
2011,1,Round of 64,1338,1421,1,16
2011,1,Round of 64,1350,1435,12,5
2011,1,Round of 64,1361,1294,2,15
2011,1,Round of 64,1396,1336,7,10
2011,1,Round of 64,1417,1277,7,10
2011,1,Round of 64,1452,1155,5,12
2011,1,Round of 64,1458,1125,4,13
2011,1,Round of 64,1112,1272,5,12
2011,1,Round of 64,1181,1214,1,16
2011,1,Round of 64,1199,1401,10,7
2011,1,Round of 64,1206,1437,8,9
2011,1,Round of 64,1228,1424,9,8
2011,1,Round of 64,1242,1131,1,16
2011,1,Round of 64,1266,1462,11,6
2011,1,Round of 64,1276,1397,8,9
2011,1,Round of 64,1314,1254,2,15
2011,1,Round of 64,1323,1103,2,15
2011,1,Round of 64,1326,1427,1,16
2011,1,Round of 64,1345,1389,3,14
2011,1,Round of 64,1393,1232,3,14
2011,1,Round of 64,1400,1324,4,13
2011,1,Round of 64,1433,1207,11,6
2011,1,Round of 64,1449,1208,7,10
2011,2,Round of 32,1139,1338,8,1
2011,2,Round of 32,1140,1211,3,11
2011,2,Round of 32,1163,1153,3,6
2011,2,Round of 32,1196,1417,2,7
2011,2,Round of 32,1246,1452,4,5
2011,2,Round of 32,1350,1287,12,13
2011,2,Round of 32,1361,1396,2,7
2011,2,Round of 32,1458,1243,4,5
2011,2,Round of 32,1112,1400,5,4
2011,2,Round of 32,1181,1276,1,8
2011,2,Round of 32,1199,1323,10,2
2011,2,Round of 32,1242,1228,1,9
2011,2,Round of 32,1266,1393,11,3
2011,2,Round of 32,1314,1449,2,7
2011,2,Round of 32,1326,1206,1,8
2011,2,Round of 32,1433,1345,11,3
2011,3,Sweet 16,1112,1181,5,1
2011,3,Sweet 16,1139,1458,8,4
2011,3,Sweet 16,1163,1361,3,2
2011,3,Sweet 16,1196,1140,2,3
2011,3,Sweet 16,1242,1350,1,12
2011,3,Sweet 16,1246,1326,4,1
2011,3,Sweet 16,1314,1266,2,11
2011,3,Sweet 16,1433,1199,11,10
2011,4,Elite 8,1139,1196,8,2
2011,4,Elite 8,1163,1112,3,5
2011,4,Elite 8,1246,1314,4,2
2011,4,Elite 8,1433,1242,11,1
2011,5,Final Four,1139,1433,8,11
2011,5,Final Four,1163,1246,3,4
2011,6,Championship,1163,1139,3,8
2012,0,Play-In,1140,1233,14,14
2012,0,Play-In,1443,1290,16,16
2012,0,Play-In,1378,1143,12,12
2012,0,Play-In,1436,1249,16,16
2012,1,Round of 64,1124,1355,3,14
2012,1,Round of 64,1160,1424,11,6
2012,1,Round of 64,1211,1452,7,10
2012,1,Round of 64,1231,1308,4,13
2012,1,Round of 64,1235,1163,8,9
2012,1,Round of 64,1243,1379,8,9
2012,1,Round of 64,1246,1443,1,16
2012,1,Round of 64,1257,1172,4,13
2012,1,Round of 64,1266,1140,3,14
2012,1,Round of 64,1293,1161,6,11
2012,1,Round of 64,1307,1253,5,12
2012,1,Round of 64,1326,1259,2,15
2012,1,Round of 64,1393,1421,1,16
2012,1,Round of 64,1433,1455,12,5
2012,1,Round of 64,1435,1217,5,12
2012,1,Round of 64,1458,1285,4,13
2012,1,Round of 64,1153,1400,6,11
2012,1,Round of 64,1166,1104,8,9
2012,1,Round of 64,1196,1438,7,10
2012,1,Round of 64,1199,1382,3,14
2012,1,Round of 64,1207,1125,3,14
2012,1,Round of 64,1242,1178,2,15
2012,1,Round of 64,1250,1181,15,2
2012,1,Round of 64,1277,1254,1,16
2012,1,Round of 64,1301,1361,11,6
2012,1,Round of 64,1313,1281,15,2
2012,1,Round of 64,1314,1436,1,16
2012,1,Round of 64,1325,1276,13,4
2012,1,Round of 64,1345,1388,10,7
2012,1,Round of 64,1378,1396,12,5
2012,1,Round of 64,1387,1272,9,8
2012,1,Round of 64,1462,1323,10,7
2012,2,Round of 32,1124,1160,3,11
2012,2,Round of 32,1231,1433,4,12
2012,2,Round of 32,1246,1235,1,8
2012,2,Round of 32,1257,1307,4,5
2012,2,Round of 32,1266,1293,3,6
2012,2,Round of 32,1326,1211,2,7
2012,2,Round of 32,1393,1243,1,8
2012,2,Round of 32,1458,1435,4,5
2012,2,Round of 32,1153,1199,6,3
2012,2,Round of 32,1196,1313,7,15
2012,2,Round of 32,1242,1345,2,10
2012,2,Round of 32,1277,1387,1,9
2012,2,Round of 32,1301,1207,11,3
2012,2,Round of 32,1314,1166,1,8
2012,2,Round of 32,1325,1378,13,12
2012,2,Round of 32,1462,1250,10,15
2012,3,Sweet 16,1196,1266,7,3
2012,3,Sweet 16,1257,1277,4,1
2012,3,Sweet 16,1326,1153,2,6
2012,3,Sweet 16,1393,1458,1,4
2012,3,Sweet 16,1124,1462,3,10
2012,3,Sweet 16,1242,1301,2,11
2012,3,Sweet 16,1246,1231,1,4
2012,3,Sweet 16,1314,1325,1,13
2012,4,Elite 8,1257,1196,4,7
2012,4,Elite 8,1326,1393,2,1
2012,4,Elite 8,1242,1314,2,1
2012,4,Elite 8,1246,1124,1,3
2012,5,Final Four,1242,1326,2,2
2012,5,Final Four,1246,1257,1,4
2012,6,Championship,1246,1242,1,2
2013,0,Play-In,1299,1251,16,16
2013,0,Play-In,1388,1292,11,11
2013,0,Play-In,1241,1254,16,16
2013,0,Play-In,1247,1129,13,13
2013,1,Round of 64,1112,1125,6,11
2013,1,Round of 64,1139,1137,6,11
2013,1,Round of 64,1143,1424,12,5
2013,1,Round of 64,1161,1281,8,9
2013,1,Round of 64,1211,1380,1,16
2013,1,Round of 64,1217,1307,14,3
2013,1,Round of 64,1257,1299,1,16
2013,1,Round of 64,1266,1172,3,14
2013,1,Round of 64,1272,1388,6,11
2013,1,Round of 64,1276,1355,4,13
2013,1,Round of 64,1277,1434,3,14
2013,1,Round of 64,1332,1329,12,5
2013,1,Round of 64,1387,1308,4,13
2013,1,Round of 64,1393,1285,4,13
2013,1,Round of 64,1433,1103,5,12
2013,1,Round of 64,1455,1338,9,8
2013,1,Round of 64,1166,1153,7,10
2013,1,Round of 64,1181,1107,2,15
2013,1,Round of 64,1195,1207,15,2
2013,1,Round of 64,1196,1322,3,14
2013,1,Round of 64,1228,1160,7,10
2013,1,Round of 64,1231,1241,1,16
2013,1,Round of 64,1235,1323,10,7
2013,1,Round of 64,1242,1443,1,16
2013,1,Round of 64,1247,1243,13,4
2013,1,Round of 64,1274,1334,2,15
2013,1,Round of 64,1278,1417,11,6
2013,1,Round of 64,1279,1458,12,5
2013,1,Round of 64,1314,1437,8,9
2013,1,Round of 64,1326,1233,2,15
2013,1,Round of 64,1361,1328,7,10
2013,1,Round of 64,1396,1301,9,8
2013,2,Round of 32,1112,1217,6,14
2013,2,Round of 32,1257,1161,1,8
2013,2,Round of 32,1266,1139,3,6
2013,2,Round of 32,1276,1433,4,5
2013,2,Round of 32,1277,1272,3,6
2013,2,Round of 32,1332,1387,12,4
2013,2,Round of 32,1393,1143,4,12
2013,2,Round of 32,1455,1211,9,1
2013,2,Round of 32,1181,1166,2,7
2013,2,Round of 32,1195,1361,15,7
2013,2,Round of 32,1196,1278,3,11
2013,2,Round of 32,1231,1396,1,9
2013,2,Round of 32,1242,1314,1,8
2013,2,Round of 32,1247,1279,13,12
2013,2,Round of 32,1274,1228,2,7
2013,2,Round of 32,1326,1235,2,10
2013,3,Sweet 16,1266,1274,3,2
2013,3,Sweet 16,1326,1112,2,6
2013,3,Sweet 16,1393,1231,4,1
2013,3,Sweet 16,1455,1247,9,13
2013,3,Sweet 16,1181,1277,2,3
2013,3,Sweet 16,1196,1195,3,15
2013,3,Sweet 16,1257,1332,1,12
2013,3,Sweet 16,1276,1242,4,1
2013,4,Elite 8,1393,1266,4,3
2013,4,Elite 8,1455,1326,9,2
2013,4,Elite 8,1257,1181,1,2
2013,4,Elite 8,1276,1196,4,3
2013,5,Final Four,1257,1455,1,9
2013,5,Final Four,1276,1393,4,4
2013,6,Championship,1257,1276,1,4
2014,0,Play-In,1107,1291,16,16
2014,0,Play-In,1301,1462,12,12
2014,0,Play-In,1142,1411,16,16
2014,0,Play-In,1397,1234,11,11
2014,1,Round of 64,1163,1386,7,10
2014,1,Round of 64,1173,1326,11,6
2014,1,Round of 64,1196,1107,1,16
2014,1,Round of 64,1217,1153,12,5
2014,1,Round of 64,1257,1264,4,13
2014,1,Round of 64,1276,1459,2,15
2014,1,Round of 64,1277,1174,4,13
2014,1,Round of 64,1295,1328,12,5
2014,1,Round of 64,1332,1140,7,10
2014,1,Round of 64,1338,1160,9,8
2014,1,Round of 64,1361,1308,4,13
2014,1,Round of 64,1387,1301,5,12
2014,1,Round of 64,1393,1444,3,14
2014,1,Round of 64,1400,1113,7,10
2014,1,Round of 64,1437,1454,2,15
2014,1,Round of 64,1458,1110,2,15
2014,1,Round of 64,1112,1451,1,16
2014,1,Round of 64,1124,1304,6,11
2014,1,Round of 64,1166,1418,3,14
2014,1,Round of 64,1211,1329,8,9
2014,1,Round of 64,1235,1300,3,14
2014,1,Round of 64,1242,1184,2,15
2014,1,Round of 64,1246,1243,8,9
2014,1,Round of 64,1272,1203,8,9
2014,1,Round of 64,1273,1181,14,3
2014,1,Round of 64,1314,1344,6,11
2014,1,Round of 64,1372,1433,12,5
2014,1,Round of 64,1390,1307,10,7
2014,1,Round of 64,1397,1269,11,6
2014,1,Round of 64,1417,1409,4,13
2014,1,Round of 64,1438,1157,1,16
2014,1,Round of 64,1455,1142,1,16
2014,2,Round of 32,1163,1437,7,2
2014,2,Round of 32,1173,1393,11,3
2014,2,Round of 32,1196,1338,1,9
2014,2,Round of 32,1257,1387,4,5
2014,2,Round of 32,1276,1400,2,7
2014,2,Round of 32,1277,1217,4,12
2014,2,Round of 32,1361,1295,4,12
2014,2,Round of 32,1458,1332,2,7
2014,2,Round of 32,1112,1211,1,8
2014,2,Round of 32,1124,1166,6,3
2014,2,Round of 32,1235,1314,3,6
2014,2,Round of 32,1246,1455,8,1
2014,2,Round of 32,1390,1242,10,2
2014,2,Round of 32,1397,1273,11,14
2014,2,Round of 32,1417,1372,4,12
2014,2,Round of 32,1438,1272,1,8
2014,3,Sweet 16,1112,1361,1,4
2014,3,Sweet 16,1173,1390,11,10
2014,3,Sweet 16,1196,1417,1,4
2014,3,Sweet 16,1458,1124,2,6
2014,3,Sweet 16,1163,1235,7,3
2014,3,Sweet 16,1246,1257,8,4
2014,3,Sweet 16,1276,1397,2,11
2014,3,Sweet 16,1277,1438,4,1
2014,4,Elite 8,1196,1173,1,11
2014,4,Elite 8,1458,1112,2,1
2014,4,Elite 8,1163,1277,7,4
2014,4,Elite 8,1246,1276,8,2
2014,5,Final Four,1163,1196,7,1
2014,5,Final Four,1246,1458,8,2
2014,6,Championship,1163,1246,7,8
2015,0,Play-In,1214,1264,16,16
2015,0,Play-In,1279,1140,11,11
2015,0,Play-In,1173,1129,11,11
2015,0,Play-In,1352,1316,16,16
2015,1,Round of 64,1112,1411,2,15
2015,1,Round of 64,1116,1459,5,12
2015,1,Round of 64,1139,1400,6,11
2015,1,Round of 64,1153,1345,8,9
2015,1,Round of 64,1207,1186,4,13
2015,1,Round of 64,1209,1124,14,3
2015,1,Round of 64,1246,1214,1,16
2015,1,Round of 64,1301,1261,8,9
2015,1,Round of 64,1314,1217,4,13
2015,1,Round of 64,1323,1318,3,14
2015,1,Round of 64,1326,1433,10,7
2015,1,Round of 64,1412,1235,14,3
2015,1,Round of 64,1417,1374,11,6
2015,1,Round of 64,1428,1372,5,12
2015,1,Round of 64,1437,1248,1,16
2015,1,Round of 64,1462,1279,6,11
2015,1,Round of 64,1173,1344,11,6
2015,1,Round of 64,1181,1352,1,16
2015,1,Round of 64,1211,1295,2,15
2015,1,Round of 64,1234,1172,7,10
2015,1,Round of 64,1242,1308,2,15
2015,1,Round of 64,1257,1414,4,13
2015,1,Round of 64,1268,1434,4,13
2015,1,Round of 64,1277,1208,7,10
2015,1,Round of 64,1320,1461,5,12
2015,1,Round of 64,1328,1107,3,14
2015,1,Round of 64,1332,1329,8,9
2015,1,Round of 64,1361,1385,8,9
2015,1,Round of 64,1438,1125,2,15
2015,1,Round of 64,1452,1138,5,12
2015,1,Round of 64,1455,1231,7,10
2015,1,Round of 64,1458,1157,1,16
2015,2,Round of 32,1112,1326,2,10
2015,2,Round of 32,1246,1153,1,8
2015,2,Round of 32,1301,1437,8,1
2015,2,Round of 32,1314,1116,4,5
2015,2,Round of 32,1323,1139,3,6
2015,2,Round of 32,1417,1412,11,14
2015,2,Round of 32,1428,1207,5,4
2015,2,Round of 32,1462,1209,6,14
2015,2,Round of 32,1181,1361,1,8
2015,2,Round of 32,1211,1234,2,7
2015,2,Round of 32,1257,1320,4,5
2015,2,Round of 32,1277,1438,7,2
2015,2,Round of 32,1328,1173,3,11
2015,2,Round of 32,1452,1268,5,4
2015,2,Round of 32,1455,1242,7,2
2015,2,Round of 32,1458,1332,1,8
2015,3,Sweet 16,1112,1462,2,6
2015,3,Sweet 16,1246,1452,1,5
2015,3,Sweet 16,1323,1455,3,7
2015,3,Sweet 16,1458,1314,1,4
2015,3,Sweet 16,1181,1428,1,5
2015,3,Sweet 16,1211,1417,2,11
2015,3,Sweet 16,1257,1301,4,8
2015,3,Sweet 16,1277,1328,7,3
2015,4,Elite 8,1246,1323,1,3
2015,4,Elite 8,1458,1112,1,2
2015,4,Elite 8,1181,1211,1,2
2015,4,Elite 8,1277,1257,7,4
2015,5,Final Four,1181,1277,1,7
2015,5,Final Four,1458,1246,1,1
2015,6,Championship,1181,1458,1,1
2016,0,Play-In,1195,1192,16,16
2016,0,Play-In,1455,1435,11,11
2016,0,Play-In,1221,1380,16,16
2016,0,Play-In,1276,1409,11,11
2016,1,Round of 64,1114,1345,12,5
2016,1,Round of 64,1139,1403,9,8
2016,1,Round of 64,1163,1160,9,8
2016,1,Round of 64,1181,1423,4,13
2016,1,Round of 64,1211,1371,11,6
2016,1,Round of 64,1231,1151,5,12
2016,1,Round of 64,1235,1233,4,13
2016,1,Round of 64,1242,1122,1,16
2016,1,Round of 64,1246,1392,4,13
2016,1,Round of 64,1274,1138,3,14
2016,1,Round of 64,1314,1195,1,16
2016,1,Round of 64,1344,1425,9,8
2016,1,Round of 64,1428,1201,3,14
2016,1,Round of 64,1438,1214,1,16
2016,1,Round of 64,1455,1112,11,6
2016,1,Round of 64,1463,1124,12,5
2016,1,Round of 64,1218,1143,13,4
2016,1,Round of 64,1234,1396,7,10
2016,1,Round of 64,1268,1355,5,12
2016,1,Round of 64,1292,1277,15,2
2016,1,Round of 64,1320,1400,11,6
2016,1,Round of 64,1323,1276,6,11
2016,1,Round of 64,1328,1167,2,15
2016,1,Round of 64,1332,1221,1,16
2016,1,Round of 64,1372,1452,14,3
2016,1,Round of 64,1386,1153,8,9
2016,1,Round of 64,1393,1173,10,7
2016,1,Round of 64,1401,1453,3,14
2016,1,Round of 64,1433,1333,10,7
2016,1,Round of 64,1437,1421,2,15
2016,1,Round of 64,1458,1338,7,10
2016,1,Round of 64,1462,1451,2,15
2016,2,Round of 32,1181,1463,4,12
2016,2,Round of 32,1211,1428,11,3
2016,2,Round of 32,1231,1246,5,4
2016,2,Round of 32,1235,1114,4,12
2016,2,Round of 32,1242,1163,1,9
2016,2,Round of 32,1274,1455,3,11
2016,2,Round of 32,1314,1344,1,9
2016,2,Round of 32,1438,1139,1,9
2016,2,Round of 32,1268,1218,5,13
2016,2,Round of 32,1323,1372,6,14
2016,2,Round of 32,1328,1433,2,10
2016,2,Round of 32,1332,1386,1,8
2016,2,Round of 32,1393,1292,10,15
2016,2,Round of 32,1401,1320,3,11
2016,2,Round of 32,1437,1234,2,7
2016,2,Round of 32,1458,1462,7,2
2016,3,Sweet 16,1242,1268,1,5
2016,3,Sweet 16,1328,1401,2,3
2016,3,Sweet 16,1332,1181,1,4
2016,3,Sweet 16,1437,1274,2,3
2016,3,Sweet 16,1314,1231,1,5
2016,3,Sweet 16,1323,1458,6,7
2016,3,Sweet 16,1393,1211,10,11
2016,3,Sweet 16,1438,1235,1,4
2016,4,Elite 8,1328,1332,2,1
2016,4,Elite 8,1437,1242,2,1
2016,4,Elite 8,1314,1323,1,6
2016,4,Elite 8,1393,1438,10,1
2016,5,Final Four,1314,1393,1,10
2016,5,Final Four,1437,1328,2,2
2016,6,Championship,1437,1314,2,1
2017,1,Round of 64,1211,1291,1,16
2017,1,Round of 64,1116,1277,8,9
2017,1,Round of 64,1235,1292,5,12
2017,1,Round of 64,1139,1137,4,13
2017,1,Round of 64,1344,1153,11,6
2017,1,Round of 64,1124,1195,3,14
2017,1,Round of 64,1173,1266,7,10
2017,1,Round of 64,1112,1240,2,15
2017,1,Round of 64,1242,1309,1,16
2017,1,Round of 64,1274,1371,8,9
2017,1,Round of 64,1278,1305,5,12
2017,1,Round of 64,1196,1190,4,13
2017,1,Round of 64,1348,1166,11,6
2017,1,Round of 64,1199,1233,3,14
2017,1,Round of 64,1276,1329,7,10
2017,1,Round of 64,1181,1297,2,15
2017,1,Round of 64,1314,1411,1,16
2017,1,Round of 64,1435,1321,9,8
2017,1,Round of 64,1343,1323,12,5
2017,1,Round of 64,1345,1436,4,13
2017,1,Round of 64,1268,1425,6,11
2017,1,Round of 64,1332,1245,3,14
2017,1,Round of 64,1433,1376,10,7
2017,1,Round of 64,1246,1315,2,15
2017,1,Round of 64,1437,1413,1,16
2017,1,Round of 64,1458,1439,8,9
2017,1,Round of 64,1438,1423,5,12
2017,1,Round of 64,1452,1457,4,13
2017,1,Round of 64,1448,1374,11,6
2017,1,Round of 64,1417,1308,3,14
2017,1,Round of 64,1388,1455,7,10
2017,1,Round of 64,1257,1407,2,15
2017,2,Round of 32,1211,1116,1,8
2017,2,Round of 32,1139,1235,4,5
2017,2,Round of 32,1344,1124,11,3
2017,2,Round of 32,1173,1112,7,2
2017,2,Round of 32,1242,1274,1,8
2017,2,Round of 32,1196,1278,4,5
2017,2,Round of 32,1199,1348,3,11
2017,2,Round of 32,1181,1276,2,7
2017,2,Round of 32,1314,1435,1,9
2017,2,Round of 32,1345,1343,4,12
2017,2,Round of 32,1332,1268,3,6
2017,2,Round of 32,1433,1246,10,2
2017,2,Round of 32,1437,1458,1,8
2017,2,Round of 32,1452,1438,4,5
2017,2,Round of 32,1448,1417,11,3
2017,2,Round of 32,1388,1257,7,2
2017,3,Sweet 16,1139,1211,4,1
2017,3,Sweet 16,1344,1173,11,7
2017,3,Sweet 16,1242,1196,1,4
2017,3,Sweet 16,1199,1181,3,2
2017,3,Sweet 16,1314,1345,1,4
2017,3,Sweet 16,1332,1433,3,10
2017,3,Sweet 16,1437,1452,1,4
2017,3,Sweet 16,1388,1448,7,11
2017,4,Elite 8,1344,1139,11,4
2017,4,Elite 8,1199,1242,3,1
2017,4,Elite 8,1314,1332,1,3
2017,4,Elite 8,1437,1388,1,7
2017,5,Final Four,1199,1344,3,11
2017,5,Final Four,1314,1437,1,1
2017,6,Championship,1314,1199,1,3
2018,1,Round of 64,1211,1309,1,16
2018,1,Round of 64,1439,1301,8,9
2018,1,Round of 64,1452,1208,5,12
2018,1,Round of 64,1372,1433,13,4
2018,1,Round of 64,3001,3009,11,6
2018,1,Round of 64,1435,1190,3,14
2018,1,Round of 64,1139,1305,10,7
2018,1,Round of 64,1345,1412,2,15
2018,1,Round of 64,1242,3014,1,16
2018,1,Round of 64,1417,1268,9,8
2018,1,Round of 64,1326,1291,5,12
2018,1,Round of 64,3004,1437,13,4
2018,1,Round of 64,1196,1361,6,11
2018,1,Round of 64,1173,1355,3,14
2018,1,Round of 64,1116,1328,7,10
2018,1,Round of 64,1112,1233,2,15
2018,1,Round of 64,3002,1344,16,1
2018,1,Round of 64,1425,1277,9,8
2018,1,Round of 64,1181,3015,5,12
2018,1,Round of 64,1257,3012,4,13
2018,1,Round of 64,3003,3007,6,11
2018,1,Round of 64,1397,1372,3,13
2018,1,Round of 64,3018,1332,7,10
2018,1,Round of 64,1314,3008,2,15
2018,1,Round of 64,1323,3010,1,16
2018,1,Round of 64,3005,1281,9,8
2018,1,Round of 64,3017,1195,5,12
2018,1,Round of 64,3006,3016,4,13
2018,1,Round of 64,1393,1458,11,6
2018,1,Round of 64,1403,3013,3,14
2018,1,Round of 64,1448,1462,7,10
2018,1,Round of 64,1166,3011,2,15
2018,2,Round of 32,1211,1439,1,8
2018,2,Round of 32,1452,1372,5,13
2018,2,Round of 32,3001,1435,11,3
2018,2,Round of 32,1345,1139,2,10
2018,2,Round of 32,1242,1417,1,9
2018,2,Round of 32,1326,3004,5,13
2018,2,Round of 32,1173,1196,3,6
2018,2,Round of 32,1112,1116,2,7
2018,2,Round of 32,1425,3002,9,16
2018,2,Round of 32,1181,1257,5,4
2018,2,Round of 32,3003,1397,6,3
2018,2,Round of 32,3018,1314,7,2
2018,2,Round of 32,3005,1323,9,1
2018,2,Round of 32,3017,3006,5,4
2018,2,Round of 32,1403,1393,3,11
2018,2,Round of 32,1448,1166,7,2
2018,3,Sweet 16,1211,1452,1,5
2018,3,Sweet 16,3001,1345,11,2
2018,3,Sweet 16,1242,1326,1,5
2018,3,Sweet 16,1173,1112,3,2
2018,3,Sweet 16,1425,1181,9,5
2018,3,Sweet 16,3018,3003,7,6
2018,3,Sweet 16,3017,3005,5,9
2018,3,Sweet 16,1403,1448,3,7
2018,4,Elite 8,1211,3001,1,11
2018,4,Elite 8,1173,1242,3,1
2018,4,Elite 8,1425,3018,9,7
2018,4,Elite 8,1403,3017,3,5
2018,5,Final Four,1211,1173,1,3
2018,5,Final Four,1425,1403,9,3
2018,6,Championship,1211,1425,1,9
2019,1,Round of 64,1437,1295,1,16
2019,1,Round of 64,1332,1143,9,8
2019,1,Round of 64,3006,1195,5,12
2019,1,Round of 64,1277,1318,4,13
2019,1,Round of 64,1235,1411,6,11
2019,1,Round of 64,1345,1114,3,14
2019,1,Round of 64,1234,1459,10,7
2019,1,Round of 64,1397,3025,2,15
2019,1,Round of 64,1323,3021,1,16
2019,1,Round of 64,3019,3024,9,8
2019,1,Round of 64,3015,3026,12,5
2019,1,Round of 64,1434,1242,13,4
2019,1,Round of 64,1211,1276,6,11
2019,1,Round of 64,1261,1297,3,14
2019,1,Round of 64,1438,1246,10,7
2019,1,Round of 64,1435,1355,2,15
2019,1,Round of 64,1314,1233,1,16
2019,1,Round of 64,1328,1393,9,8
2019,1,Round of 64,1251,1329,12,5
2019,1,Round of 64,1417,1137,4,13
2019,1,Round of 64,1372,1386,6,11
2019,1,Round of 64,3003,1412,3,14
2019,1,Round of 64,1196,1305,10,7
2019,1,Round of 64,1181,3023,2,15
2019,1,Round of 64,1112,1380,1,16
2019,1,Round of 64,3020,1455,9,8
2019,1,Round of 64,1199,1274,12,5
2019,1,Round of 64,1425,1387,4,13
2019,1,Round of 64,1326,1374,11,6
2019,1,Round of 64,1403,3022,3,14
2019,1,Round of 64,1166,1439,7,10
2019,1,Round of 64,1173,3027,2,15
2019,2,Round of 32,1437,1332,1,9
2019,2,Round of 32,3006,1277,5,4
2019,2,Round of 32,1345,1235,3,6
2019,2,Round of 32,1397,1234,2,10
2019,2,Round of 32,1323,3019,1,9
2019,2,Round of 32,3015,1434,12,13
2019,2,Round of 32,1261,1211,3,6
2019,2,Round of 32,1435,1438,2,10
2019,2,Round of 32,1314,1328,1,9
2019,2,Round of 32,1417,1251,4,12
2019,2,Round of 32,3003,1372,3,6
2019,2,Round of 32,1181,1196,2,10
2019,2,Round of 32,1112,3020,1,9
2019,2,Round of 32,1199,1425,12,4
2019,2,Round of 32,1403,1326,3,11
2019,2,Round of 32,1173,1166,2,7
2019,3,Sweet 16,3006,1437,5,1
2019,3,Sweet 16,1345,1397,3,2
2019,3,Sweet 16,1323,3015,1,12
2019,3,Sweet 16,1435,1261,2,3
2019,3,Sweet 16,1314,1417,1,4
2019,3,Sweet 16,1181,3003,2,3
2019,3,Sweet 16,1112,1199,1,12
2019,3,Sweet 16,1403,1173,3,2
2019,4,Elite 8,3006,1345,5,3
2019,4,Elite 8,1323,1435,1,2
2019,4,Elite 8,1181,1314,2,1
2019,4,Elite 8,1403,1112,3,1
2019,5,Final Four,1323,3006,1,5
2019,5,Final Four,1403,1181,3,2
2019,6,Championship,1323,1403,1,3
2021,1,Round of 64,1437,3038,1,16
2021,1,Round of 64,1261,3028,8,9
2021,1,Round of 64,1211,1268,5,5
2021,1,Round of 64,3032,1417,13,4
2021,1,Round of 64,1393,1113,11,6
2021,1,Round of 64,1452,3025,3,14
2021,1,Round of 64,1374,1163,10,7
2021,1,Round of 64,3035,1234,15,2
2021,1,Round of 64,1332,3040,1,16
2021,1,Round of 64,1328,1281,8,9
2021,1,Round of 64,1333,1268,12,5
2021,1,Round of 64,1323,1251,4,13
2021,1,Round of 64,1124,1403,11,6
2021,1,Round of 64,1332,1217,1,14
2021,1,Round of 64,1199,1277,7,10
2021,1,Round of 64,1326,3036,2,15
2021,1,Round of 64,1173,3039,1,16
2021,1,Round of 64,1274,1314,9,8
2021,1,Round of 64,1160,3031,5,12
2021,1,Round of 64,3033,1345,13,4
2021,1,Round of 64,1348,3030,6,11
2021,1,Round of 64,3027,1116,14,3
2021,1,Round of 64,3029,1196,10,7
2021,1,Round of 64,3003,1233,2,15
2021,1,Round of 64,1361,1309,1,16
2021,1,Round of 64,3001,3007,8,9
2021,1,Round of 64,1397,1457,5,12
2021,1,Round of 64,1266,3016,4,13
2021,1,Round of 64,1361,3024,1,11
2021,1,Round of 64,1242,3034,3,14
2021,1,Round of 64,3017,1455,7,10
2021,1,Round of 64,3005,3037,2,15
2021,2,Round of 32,1437,1261,1,8
2021,2,Round of 32,1211,3032,5,13
2021,2,Round of 32,1393,1452,11,3
2021,2,Round of 32,3035,1374,15,10
2021,2,Round of 32,1332,1328,1,8
2021,2,Round of 32,1333,1323,12,4
2021,2,Round of 32,1124,1332,11,1
2021,2,Round of 32,1199,1326,7,2
2021,2,Round of 32,1173,1274,1,9
2021,2,Round of 32,1160,3033,5,13
2021,2,Round of 32,1348,3027,6,14
2021,2,Round of 32,3003,3029,2,10
2021,2,Round of 32,3001,1361,8,1
2021,2,Round of 32,1266,1397,4,5
2021,2,Round of 32,1242,1361,3,1
2021,2,Round of 32,3005,3017,2,7
2021,3,Sweet 16,1437,1211,1,5
2021,3,Sweet 16,1393,3035,11,15
2021,3,Sweet 16,1332,1333,1,12
2021,3,Sweet 16,1124,1199,11,7
2021,3,Sweet 16,1173,1160,1,5
2021,3,Sweet 16,3003,1348,2,6
2021,3,Sweet 16,3001,1266,8,4
2021,3,Sweet 16,3005,1242,2,3
2021,4,Elite 8,1437,1393,1,11
2021,4,Elite 8,1332,1124,1,11
2021,4,Elite 8,3003,1173,2,1
2021,4,Elite 8,3001,3005,8,2
2021,5,Final Four,1332,1437,1,1
2021,5,Final Four,3003,3001,2,8
2021,6,Championship,1332,3003,1,2
2022,1,Round of 64,1437,3013,1,16
2022,1,Round of 64,1272,1314,9,6
2022,1,Round of 64,1234,1209,5,12
2022,1,Round of 64,1124,1291,4,13
2022,1,Round of 64,3005,1277,6,11
2022,1,Round of 64,1345,3025,3,14
2022,1,Round of 64,1326,1208,7,10
2022,1,Round of 64,1112,1264,2,15
2022,1,Round of 64,1242,1412,1,16
2022,1,Round of 64,3009,1129,9,8
2022,1,Round of 64,3003,1231,5,12
2022,1,Round of 64,1361,1137,4,13
2022,1,Round of 64,1173,1332,11,1
2022,1,Round of 64,1397,3043,3,14
2022,1,Round of 64,1458,1435,10,7
2022,1,Round of 64,1181,1315,2,15
2022,1,Round of 64,1257,3040,1,16
2022,1,Round of 64,1439,1329,8,9
2022,1,Round of 64,3042,1163,12,5
2022,1,Round of 64,1462,1355,4,13
2022,1,Round of 64,1278,1314,11,6
2022,1,Round of 64,1403,3044,3,14
2022,1,Round of 64,3015,3041,7,10
2022,1,Round of 64,1211,3011,2,15
2022,1,Round of 64,1332,1309,1,16
2022,1,Round of 64,1268,1361,9,4
2022,1,Round of 64,1195,1276,12,5
2022,1,Round of 64,1116,1103,4,13
2022,1,Round of 64,1235,1261,11,6
2022,1,Round of 64,1274,1114,3,14
2022,1,Round of 64,1348,3001,7,10
2022,1,Round of 64,3045,3006,15,2
2022,2,Round of 32,1437,1272,1,9
2022,2,Round of 32,1124,1234,4,5
2022,2,Round of 32,1345,3005,3,6
2022,2,Round of 32,1112,1326,2,7
2022,2,Round of 32,1242,3009,1,9
2022,2,Round of 32,3003,1361,5,4
2022,2,Round of 32,1173,1397,11,3
2022,2,Round of 32,1458,1181,10,2
2022,2,Round of 32,1257,1439,1,8
2022,2,Round of 32,1462,3042,4,12
2022,2,Round of 32,1403,1278,3,11
2022,2,Round of 32,1211,3015,2,7
2022,2,Round of 32,1332,1268,1,9
2022,2,Round of 32,1116,1195,4,12
2022,2,Round of 32,1235,1274,11,3
2022,2,Round of 32,3045,1348,15,7
2022,3,Sweet 16,1437,1124,1,4
2022,3,Sweet 16,1112,1345,2,3
2022,3,Sweet 16,1242,3003,1,5
2022,3,Sweet 16,1458,1173,10,11
2022,3,Sweet 16,1257,1462,1,4
2022,3,Sweet 16,1211,1403,2,3
2022,3,Sweet 16,1116,1332,4,1
2022,3,Sweet 16,3045,1235,15,11
2022,4,Elite 8,1112,1437,2,1
2022,4,Elite 8,1242,1458,1,10
2022,4,Elite 8,1211,1257,2,1
2022,4,Elite 8,1116,3045,4,15
2022,5,Final Four,1242,1112,1,2
2022,5,Final Four,1211,1116,2,4
2022,6,Championship,1242,1211,1,2
2023,1,Round of 64,1380,1345,16,1
2023,1,Round of 64,1234,1452,8,9
2023,1,Round of 64,1458,3035,5,12
2023,1,Round of 64,3048,1163,13,4
2023,1,Round of 64,1181,1462,6,11
2023,1,Round of 64,1437,3036,3,14
2023,1,Round of 64,3047,1281,10,7
2023,1,Round of 64,1257,3025,2,15
2023,1,Round of 64,3003,3051,1,16
2023,1,Round of 64,3046,1272,9,8
2023,1,Round of 64,1112,3012,5,12
2023,1,Round of 64,1231,1444,4,13
2023,1,Round of 64,1268,1301,6,11
2023,1,Round of 64,1332,3031,2,14
2023,1,Round of 64,1435,3024,7,10
2023,1,Round of 64,1329,1137,2,15
2023,1,Round of 64,3005,3050,1,16
2023,1,Round of 64,3006,1374,9,8
2023,1,Round of 64,1276,3030,5,12
2023,1,Round of 64,1397,1233,4,13
2023,1,Round of 64,1338,3009,11,6
2023,1,Round of 64,1344,3049,3,14
2023,1,Round of 64,3018,1348,7,10
2023,1,Round of 64,1423,1332,15,2
2023,1,Round of 64,1242,1297,1,16
2023,1,Round of 64,1116,1361,8,5
2023,1,Round of 64,1361,1455,5,12
2023,1,Round of 64,1323,1308,4,13
2023,1,Round of 64,1235,1386,6,11
2023,1,Round of 64,1425,3044,3,14
2023,1,Round of 64,1321,1129,7,10
2023,1,Round of 64,1124,1167,2,15
2023,2,Round of 32,1380,1234,16,8
2023,2,Round of 32,1458,3048,5,13
2023,2,Round of 32,1437,1181,3,6
2023,2,Round of 32,3047,1257,10,2
2023,2,Round of 32,3046,3003,9,1
2023,2,Round of 32,1112,1231,5,4
2023,2,Round of 32,1268,1332,6,2
2023,2,Round of 32,1435,1329,7,2
2023,2,Round of 32,3005,3006,1,9
2023,2,Round of 32,1397,1276,4,5
2023,2,Round of 32,1344,1338,3,11
2023,2,Round of 32,1423,3018,15,7
2023,2,Round of 32,1116,1242,8,1
2023,2,Round of 32,1361,1323,5,4
2023,2,Round of 32,1425,1235,3,6
2023,2,Round of 32,1124,1321,2,7
2023,3,Sweet 16,1458,1380,5,16
2023,3,Sweet 16,1437,3047,3,10
2023,3,Sweet 16,3046,1112,9,5
2023,3,Sweet 16,1268,1435,6,7
2023,3,Sweet 16,3005,1397,1,4
2023,3,Sweet 16,1344,1423,3,15
2023,3,Sweet 16,1361,1116,5,8
2023,3,Sweet 16,1425,1124,3,2
2023,4,Elite 8,1458,1437,5,3
2023,4,Elite 8,3046,1268,9,6
2023,4,Elite 8,3005,1344,1,3
2023,4,Elite 8,1361,1425,5,3
2023,5,Final Four,1458,3046,5,9
2023,5,Final Four,1361,3005,5,1
2023,6,Championship,1361,1458,5,5
2024,1,Round of 64,1163,3057,1,16
2024,1,Round of 64,3046,1321,8,9
2024,1,Round of 64,3052,1209,5,12
2024,1,Round of 64,3006,1137,4,13
2024,1,Round of 64,3054,1113,11,6
2024,1,Round of 64,1361,3055,3,14
2024,1,Round of 64,3030,3053,10,7
2024,1,Round of 64,1235,3056,2,15
2024,1,Round of 64,1314,3060,1,16
2024,1,Round of 64,3026,1435,8,9
2024,1,Round of 64,1276,3036,5,12
2024,1,Round of 64,3005,3058,4,13
2024,1,Round of 64,1307,3017,11,6
2024,1,Round of 64,1332,3025,3,14
2024,1,Round of 64,1376,1305,7,10
2024,1,Round of 64,1257,3059,2,15
2024,1,Round of 64,3003,3043,1,16
2024,1,Round of 64,3061,3018,8,9
2024,1,Round of 64,1274,1443,5,12
2024,1,Round of 64,3063,1112,13,4
2024,1,Round of 64,3062,1403,11,6
2024,1,Round of 64,1181,1103,3,14
2024,1,Round of 64,1160,1196,10,7
2024,1,Round of 64,1329,1380,2,15
2024,1,Round of 64,1345,1380,1,15
2024,1,Round of 64,3024,3009,8,9
2024,1,Round of 64,3064,1437,12,5
2024,1,Round of 64,1242,3065,4,13
2024,1,Round of 64,1388,1199,6,11
2024,1,Round of 64,1268,3066,3,14
2024,1,Round of 64,1428,1332,10,3
2024,1,Round of 64,1397,3067,2,15
2024,2,Round of 32,1163,3046,1,8
2024,2,Round of 32,3006,3052,4,5
2024,2,Round of 32,1361,3054,3,11
2024,2,Round of 32,1235,3030,2,10
2024,2,Round of 32,1314,3026,1,8
2024,2,Round of 32,3005,1276,4,5
2024,2,Round of 32,1307,1332,11,3
2024,2,Round of 32,1257,1376,2,7
2024,2,Round of 32,3003,3061,1,8
2024,2,Round of 32,3063,1274,13,5
2024,2,Round of 32,3062,1181,11,3
2024,2,Round of 32,1329,1160,2,10
2024,2,Round of 32,1345,3024,1,8
2024,2,Round of 32,3064,1242,12,4
2024,2,Round of 32,1268,1388,3,6
2024,2,Round of 32,1397,1428,2,10
2024,3,Sweet 16,1163,3006,1,4
2024,3,Sweet 16,1361,1235,3,2
2024,3,Sweet 16,3005,1314,4,1
2024,3,Sweet 16,1257,1307,2,11
2024,3,Sweet 16,3003,3063,1,13
2024,3,Sweet 16,3062,1329,11,2
2024,3,Sweet 16,1345,3064,1,12
2024,3,Sweet 16,1268,1397,3,2
2024,4,Elite 8,1163,1361,1,3
2024,4,Elite 8,3005,1257,4,2
2024,4,Elite 8,3062,3003,11,1
2024,4,Elite 8,1345,1268,1,3
2024,5,Final Four,1163,3005,1,4
2024,5,Final Four,1345,3062,1,11
2024,6,Championship,1163,1345,1,1
2025,1,Round of 64,1112,1411,1,16
2025,1,Round of 64,1332,3026,9,8
2025,1,Round of 64,1251,1199,12,5
2025,1,Round of 64,1257,1103,4,13
2025,1,Round of 64,1113,1455,6,11
2025,1,Round of 64,1274,1110,3,14
2025,1,Round of 64,1276,1307,7,10
2025,1,Round of 64,3005,1214,2,15
2025,1,Round of 64,3006,3070,1,16
2025,1,Round of 64,1246,1268,8,9
2025,1,Round of 64,1173,3068,5,12
2025,1,Round of 64,1114,3018,13,4
2025,1,Round of 64,3030,1143,11,6
2025,1,Round of 64,1235,3008,3,14
2025,1,Round of 64,1329,1307,7,10
2025,1,Round of 64,1435,3069,2,15
2025,1,Round of 64,3003,3073,1,16
2025,1,Round of 64,1437,1172,8,9
2025,1,Round of 64,3017,3064,5,12
2025,1,Round of 64,1345,1459,4,13
2025,1,Round of 64,1332,1361,9,6
2025,1,Round of 64,1181,3071,3,14
2025,1,Round of 64,3024,1124,10,7
2025,1,Round of 64,1397,3072,2,15
2025,1,Round of 64,1196,3077,1,16
2025,1,Round of 64,1163,1328,8,9
2025,1,Round of 64,1314,1272,12,5
2025,1,Round of 64,1374,3075,4,13
2025,1,Round of 64,1281,3074,6,11
2025,1,Round of 64,1403,3076,3,14
2025,1,Round of 64,1242,1116,7,10
2025,1,Round of 64,1345,1457,4,15
2025,2,Round of 32,1112,1332,1,9
2025,2,Round of 32,1257,1251,4,12
2025,2,Round of 32,1274,1113,3,6
2025,2,Round of 32,3005,1276,2,7
2025,2,Round of 32,3006,1246,1,8
2025,2,Round of 32,1173,1114,5,13
2025,2,Round of 32,1235,3030,3,11
2025,2,Round of 32,1435,1329,2,7
2025,2,Round of 32,3003,1437,1,8
2025,2,Round of 32,3017,1345,5,4
2025,2,Round of 32,1332,1181,9,3
2025,2,Round of 32,1397,3024,2,10
2025,2,Round of 32,1196,1163,1,8
2025,2,Round of 32,1374,1314,4,12
2025,2,Round of 32,1403,1281,3,6
2025,2,Round of 32,1345,1242,4,7
2025,3,Sweet 16,1112,1257,1,4
2025,3,Sweet 16,3005,1274,2,3
2025,3,Sweet 16,3006,1173,1,5
2025,3,Sweet 16,1435,1235,2,3
2025,3,Sweet 16,3003,3017,1,5
2025,3,Sweet 16,1397,1332,2,9
2025,3,Sweet 16,1196,1374,1,4
2025,3,Sweet 16,1345,1403,4,3
2025,4,Elite 8,1112,3005,1,2
2025,4,Elite 8,3006,1435,1,2
2025,4,Elite 8,3003,1397,1,2
2025,4,Elite 8,1196,1345,1,4
2025,5,Final Four,1112,3006,1,1
2025,5,Final Four,1196,3003,1,1
2025,6,Championship,1196,1112,1,1
